region,week_start,revenue,profit,order_count,avg_discount,profit_margin,week_of_year,repeat_purchase_rate,ticket_volume,pct_high_priority,pct_unresolved,avg_satisfaction,avg_tenure_months,churn_rate,avg_monthly_charges,pct_month_to_month
Central,2013-12-30,304.508,-60.4389,2,0.35000000000000003,-0.19848049969130532,1,0.548489666136725,38,0.4473684210526316,0.631578947368421,3.0,32.465625,0.24875,64.27365625,0.549375
Central,2014-01-06,127.702,-61.0441,2,0.45,-0.4780199213794616,2,0.548489666136725,45,0.5555555555555556,0.6,2.4444444444444446,32.465625,0.24875,64.27365625,0.549375
Central,2014-01-20,867.196,228.323,3,0.009090909090909092,0.26328880668268767,4,0.548489666136725,32,0.5625,0.625,3.0833333333333335,32.465625,0.24875,64.27365625,0.549375
Central,2014-01-27,709.4,217.96620000000001,2,0.0,0.3072542994079504,5,0.548489666136725,39,0.48717948717948717,0.717948717948718,3.0,32.465625,0.24875,64.27365625,0.549375
Central,2014-02-03,8.952,-14.7708,1,0.8,-1.65,6,0.548489666136725,31,0.7741935483870968,0.6451612903225806,2.8181818181818183,32.465625,0.24875,64.27365625,0.549375
Central,2014-02-10,560.486,97.1991,3,0.2,0.1734193182345322,7,0.548489666136725,37,0.5405405405405406,0.5675675675675675,2.3125,32.465625,0.24875,64.27365625,0.549375
Central,2014-02-17,194.836,6.062400000000001,6,0.35000000000000003,0.031115399618140388,8,0.548489666136725,36,0.5277777777777778,0.6666666666666666,2.8333333333333335,32.465625,0.24875,64.27365625,0.549375
Central,2014-02-24,1739.643,-262.0416,3,0.2875,-0.15062952571303423,9,0.548489666136725,37,0.5675675675675675,0.7027027027027027,3.090909090909091,32.465625,0.24875,64.27365625,0.549375
Central,2014-03-03,176.772,-459.6072,1,0.8,-2.6,10,0.548489666136725,35,0.45714285714285713,0.5428571428571428,2.8125,32.465625,0.24875,64.27365625,0.549375
Central,2014-03-10,605.7379999999999,169.4294,2,0.16666666666666666,0.27970739824808744,11,0.548489666136725,31,0.41935483870967744,0.8064516129032258,3.6666666666666665,32.465625,0.24875,64.27365625,0.549375
Central,2014-03-17,291.384,122.35979999999999,3,0.06666666666666668,0.41992628284325834,12,0.548489666136725,37,0.6216216216216216,0.6756756756756757,2.6666666666666665,32.465625,0.24875,64.27365625,0.549375
Central,2014-03-24,2925.947,155.6435,4,0.14285714285714285,0.05319423079091999,13,0.548489666136725,33,0.5757575757575758,0.6363636363636364,3.0833333333333335,32.465625,0.24875,64.27365625,0.549375
Central,2014-03-31,1105.4940000000001,104.6204,5,0.15,0.09463678681204962,14,0.548489666136725,40,0.475,0.7,3.3333333333333335,32.465625,0.24875,64.27365625,0.549375
Central,2014-04-07,790.752,280.97520000000003,2,0.1,0.35532657520942096,15,0.548489666136725,37,0.5675675675675675,0.6486486486486487,2.769230769230769,32.465625,0.24875,64.27365625,0.549375
Central,2014-04-14,1887.604,-160.2223,2,0.24285714285714285,-0.08488130985100688,16,0.548489666136725,49,0.5306122448979592,0.6938775510204082,3.3333333333333335,32.465625,0.24875,64.27365625,0.549375
Central,2014-04-21,16.608,4.1748,1,0.2,0.2513728323699422,17,0.548489666136725,41,0.5365853658536586,0.7073170731707317,3.0833333333333335,32.465625,0.24875,64.27365625,0.549375
Central,2014-04-28,111.672,36.0936,3,0.1,0.32321083172147,18,0.548489666136725,36,0.3611111111111111,0.7777777777777778,3.5,32.465625,0.24875,64.27365625,0.549375
Central,2014-05-05,1780.009,-304.4788,6,0.3333333333333333,-0.17105464073496257,19,0.548489666136725,44,0.4772727272727273,0.6363636363636364,2.375,32.465625,0.24875,64.27365625,0.549375
Central,2014-05-12,130.454,58.069100000000006,3,0.06666666666666667,0.4451308507213271,20,0.548489666136725,46,0.43478260869565216,0.7391304347826086,3.5,32.465625,0.24875,64.27365625,0.549375
Central,2014-05-19,457.692,-221.0427,4,0.3727272727272727,-0.48295076164757084,21,0.548489666136725,44,0.5,0.8181818181818182,3.75,32.465625,0.24875,64.27365625,0.549375
Central,2014-05-26,5518.389,1158.9,6,0.17692307692307693,0.21000694224346997,22,0.548489666136725,33,0.45454545454545453,0.6666666666666666,2.1818181818181817,32.465625,0.24875,64.27365625,0.549375
Central,2014-06-02,645.665,-247.27739999999997,6,0.3888888888888889,-0.38298095761734025,23,0.548489666136725,38,0.5263157894736842,0.6052631578947368,3.066666666666667,32.465625,0.24875,64.27365625,0.549375
Central,2014-06-09,1789.808,237.2663,5,0.24444444444444446,0.1325652248732825,24,0.548489666136725,39,0.6410256410256411,0.7435897435897436,3.9,32.465625,0.24875,64.27365625,0.549375
Central,2014-06-16,3202.5556,1.6297999999999853,5,0.19384615384615383,0.0005089060748859396,25,0.548489666136725,42,0.6428571428571429,0.6190476190476191,2.75,32.465625,0.24875,64.27365625,0.549375
Central,2014-06-23,6.08,3.04,1,0.0,0.5,26,0.548489666136725,44,0.4318181818181818,0.5681818181818182,3.0,32.465625,0.24875,64.27365625,0.549375
Central,2014-06-30,554.68,-61.428399999999996,3,0.2,-0.11074565515252037,27,0.548489666136725,41,0.36585365853658536,0.6341463414634146,3.6666666666666665,32.465625,0.24875,64.27365625,0.549375
Central,2014-07-07,1224.918,66.65559999999999,4,0.21000000000000002,0.054416377259539,28,0.548489666136725,41,0.5121951219512195,0.7317073170731707,2.6363636363636362,32.465625,0.24875,64.27365625,0.549375
Central,2014-07-14,1418.69,-154.432,3,0.3,-0.10885535247305611,29,0.548489666136725,38,0.5789473684210527,0.5,3.0526315789473686,32.465625,0.24875,64.27365625,0.549375
Central,2014-07-21,3594.7659999999996,-3888.2242,5,0.5,-1.0816348546748247,30,0.548489666136725,40,0.575,0.725,3.090909090909091,32.465625,0.24875,64.27365625,0.549375
Central,2014-07-28,886.28,248.02759999999998,1,0.0,0.2798524168434355,31,0.548489666136725,27,0.5185185185185185,0.7407407407407407,3.857142857142857,32.465625,0.24875,64.27365625,0.549375
Central,2014-08-04,1598.955,478.036,2,0.06666666666666667,0.2989677633204187,32,0.548489666136725,50,0.54,0.68,2.5625,32.465625,0.24875,64.27365625,0.549375
Central,2014-08-11,46.512,-47.1888,2,0.5,-1.0145510835913312,33,0.548489666136725,31,0.6451612903225806,0.6451612903225806,2.5454545454545454,32.465625,0.24875,64.27365625,0.549375
Central,2014-08-18,452.372,9.1704,3,0.09999999999999999,0.020271811694799857,34,0.548489666136725,32,0.5,0.59375,3.1538461538461537,32.465625,0.24875,64.27365625,0.549375
Central,2014-08-25,38.064,-59.6184,1,0.8,-1.566267339218159,35,0.548489666136725,38,0.5526315789473685,0.7368421052631579,2.5,32.465625,0.24875,64.27365625,0.549375
Central,2014-09-01,3793.053,-56.976699999999994,9,0.26521739130434785,-0.015021329783686121,36,0.548489666136725,40,0.4,0.7,3.0833333333333335,32.465625,0.24875,64.27365625,0.549375
Central,2014-09-08,13109.454,-1830.5159999999998,10,0.316,-0.1396332753446482,37,0.548489666136725,38,0.5526315789473685,0.6842105263157895,3.3333333333333335,32.465625,0.24875,64.27365625,0.549375
Central,2014-09-15,6779.4439999999995,-1222.646,5,0.26666666666666666,-0.18034605787731267,38,0.548489666136725,41,0.5365853658536586,0.6097560975609756,3.25,32.465625,0.24875,64.27365625,0.549375
Central,2014-09-22,10726.7388,4532.9358999999995,5,0.24727272727272728,0.4225828543527134,39,0.548489666136725,52,0.4807692307692308,0.6153846153846154,3.45,32.465625,0.24875,64.27365625,0.549375
Central,2014-09-29,316.187,-93.3839,2,0.38333333333333336,-0.2953438945940219,40,0.548489666136725,35,0.4857142857142857,0.7142857142857143,3.3,32.465625,0.24875,64.27365625,0.549375
Central,2014-10-06,2020.1539999999998,192.4144,5,0.30000000000000004,0.09524739203050858,41,0.548489666136725,41,0.5121951219512195,0.5853658536585366,2.6470588235294117,32.465625,0.24875,64.27365625,0.549375
Central,2014-10-13,2483.462,682.3783999999999,4,0.475,0.2747690119679705,42,0.548489666136725,51,0.47058823529411764,0.7254901960784313,2.2857142857142856,32.465625,0.24875,64.27365625,0.549375
Central,2014-10-20,1074.162,106.4697,2,0.26666666666666666,0.09911884799499517,43,0.548489666136725,39,0.48717948717948717,0.6410256410256411,2.642857142857143,32.465625,0.24875,64.27365625,0.549375
Central,2014-10-27,3176.264,466.23190000000005,5,0.10000000000000002,0.14678625580241442,44,0.548489666136725,44,0.5454545454545454,0.6363636363636364,2.75,32.465625,0.24875,64.27365625,0.549375
Central,2014-11-03,1233.18,93.34700000000001,4,0.23000000000000004,0.0756961676316515,45,0.548489666136725,39,0.41025641025641024,0.6666666666666666,2.8461538461538463,32.465625,0.24875,64.27365625,0.549375
Central,2014-11-10,5984.5271999999995,-709.9761000000001,13,0.18588235294117647,-0.1186352866772834,46,0.548489666136725,27,0.25925925925925924,0.7407407407407407,3.5714285714285716,32.465625,0.24875,64.27365625,0.549375
Central,2014-11-17,3100.362,-146.286,14,0.3409090909090909,-0.04718352244028278,47,0.548489666136725,43,0.4418604651162791,0.627906976744186,2.8125,32.465625,0.24875,64.27365625,0.549375
Central,2014-11-24,3635.027,-44.11290000000001,8,0.19375,-0.012135508209430084,48,0.548489666136725,46,0.6086956521739131,0.6521739130434783,2.3125,32.465625,0.24875,64.27365625,0.549375
Central,2014-12-01,4923.682,644.3110000000001,9,0.36666666666666664,0.13085958841371156,49,0.548489666136725,40,0.45,0.675,2.769230769230769,32.465625,0.24875,64.27365625,0.549375
Central,2014-12-08,697.056,-422.5692,8,0.43333333333333335,-0.6062198732956893,50,0.548489666136725,39,0.5128205128205128,0.6666666666666666,3.1538461538461537,32.465625,0.24875,64.27365625,0.549375
Central,2014-12-15,2912.804,520.1854999999999,8,0.2866666666666667,0.17858582314498328,51,0.548489666136725,44,0.4772727272727273,0.6818181818181818,2.7857142857142856,32.465625,0.24875,64.27365625,0.549375
Central,2014-12-22,1163.72,34.788399999999996,7,0.41000000000000003,0.029894132609218707,52,0.548489666136725,27,0.4074074074074074,0.5925925925925926,3.272727272727273,32.465625,0.24875,64.27365625,0.549375
Central,2014-12-29,2778.7656,-201.85319999999996,10,0.2063157894736842,-0.07264131958449462,1,0.548489666136725,38,0.4473684210526316,0.631578947368421,3.0,32.465625,0.24875,64.27365625,0.549375
Central,2015-01-12,254.744,-312.0614,1,0.6,-1.2249999999999999,3,0.548489666136725,40,0.225,0.6,3.3125,32.465625,0.24875,64.27365625,0.549375
Central,2015-01-19,301.742,-21.712200000000003,1,0.3,-0.07195617448018507,4,0.548489666136725,32,0.5625,0.625,3.0833333333333335,32.465625,0.24875,64.27365625,0.549375
Central,2015-01-26,113.56400000000001,43.913000000000004,2,0.05,0.38668063823042514,5,0.548489666136725,39,0.48717948717948717,0.717948717948718,3.0,32.465625,0.24875,64.27365625,0.549375
Central,2015-02-02,891.694,-56.465500000000006,3,0.15000000000000002,-0.06332385325010599,6,0.548489666136725,31,0.7741935483870968,0.6451612903225806,2.8181818181818183,32.465625,0.24875,64.27365625,0.549375
Central,2015-02-09,1556.532,366.8059,4,0.17142857142857143,0.23565586830209725,7,0.548489666136725,37,0.5405405405405406,0.5675675675675675,2.3125,32.465625,0.24875,64.27365625,0.549375
Central,2015-02-16,79.36,20.6336,1,0.0,0.26,8,0.548489666136725,36,0.5277777777777778,0.6666666666666666,2.8333333333333335,32.465625,0.24875,64.27365625,0.549375
Central,2015-02-23,1379.1663999999998,4.848799999999994,2,0.24,0.003515746903346829,9,0.548489666136725,37,0.5675675675675675,0.7027027027027027,3.090909090909091,32.465625,0.24875,64.27365625,0.549375
Central,2015-03-02,3033.442,180.49139999999997,7,0.225,0.05950052778329039,10,0.548489666136725,35,0.45714285714285713,0.5428571428571428,2.8125,32.465625,0.24875,64.27365625,0.549375
Central,2015-03-09,474.512,50.4011,2,0.4000000000000001,0.10621670263344235,11,0.548489666136725,31,0.41935483870967744,0.8064516129032258,3.6666666666666665,32.465625,0.24875,64.27365625,0.549375
Central,2015-03-16,684.3376000000001,-59.0721,4,0.34,-0.08632011451657777,12,0.548489666136725,37,0.6216216216216216,0.6756756756756757,2.6666666666666665,32.465625,0.24875,64.27365625,0.549375
Central,2015-03-23,466.83,-65.1582,2,0.3,-0.13957586273375747,13,0.548489666136725,33,0.5757575757575758,0.6363636363636364,3.0833333333333335,32.465625,0.24875,64.27365625,0.549375
Central,2015-03-30,2105.03,173.13629999999998,6,0.2571428571428572,0.08224885156031028,14,0.548489666136725,40,0.475,0.7,3.3333333333333335,32.465625,0.24875,64.27365625,0.549375
Central,2015-04-06,939.252,-1149.6426000000001,2,0.4571428571428572,-1.2239980324769073,15,0.548489666136725,37,0.5675675675675675,0.6486486486486487,2.769230769230769,32.465625,0.24875,64.27365625,0.549375
Central,2015-04-13,3646.206,-120.81159999999998,6,0.28095238095238095,-0.03313350918735803,16,0.548489666136725,49,0.5306122448979592,0.6938775510204082,3.3333333333333335,32.465625,0.24875,64.27365625,0.549375
Central,2015-04-20,1386.07,133.04720000000003,5,0.14285714285714285,0.09598880287431373,17,0.548489666136725,41,0.5365853658536586,0.7073170731707317,3.0833333333333335,32.465625,0.24875,64.27365625,0.549375
Central,2015-04-27,4424.709,1913.0813999999998,4,0.325,0.43236321303841674,18,0.548489666136725,36,0.3611111111111111,0.7777777777777778,3.5,32.465625,0.24875,64.27365625,0.549375
Central,2015-05-04,2008.1680000000001,69.6818,6,0.23000000000000004,0.03469918851410838,19,0.548489666136725,44,0.4772727272727273,0.6363636363636364,2.375,32.465625,0.24875,64.27365625,0.549375
Central,2015-05-11,1054.776,72.5862,3,0.34285714285714286,0.06881669662563426,20,0.548489666136725,46,0.43478260869565216,0.7391304347826086,3.5,32.465625,0.24875,64.27365625,0.549375
Central,2015-05-18,1556.905,35.73550000000002,3,0.4,0.02295290977933787,21,0.548489666136725,44,0.5,0.8181818181818182,3.75,32.465625,0.24875,64.27365625,0.549375
Central,2015-05-25,3836.822,769.0794,6,0.24285714285714288,0.20044698450957588,22,0.548489666136725,33,0.45454545454545453,0.6666666666666666,2.1818181818181817,32.465625,0.24875,64.27365625,0.549375
Central,2015-06-01,832.998,299.4682,3,0.14285714285714285,0.3595065054177801,23,0.548489666136725,38,0.5263157894736842,0.6052631578947368,3.066666666666667,32.465625,0.24875,64.27365625,0.549375
Central,2015-06-08,183.024,-379.76189999999997,3,0.25,-2.0749295174403355,24,0.548489666136725,39,0.6410256410256411,0.7435897435897436,3.9,32.465625,0.24875,64.27365625,0.549375
Central,2015-06-15,488.052,-1.4155000000000015,3,0.33999999999999997,-0.002900305705129784,25,0.548489666136725,42,0.6428571428571429,0.6190476190476191,2.75,32.465625,0.24875,64.27365625,0.549375
Central,2015-06-22,1939.1329999999998,-411.8574,4,0.35714285714285715,-0.21239254862869128,26,0.548489666136725,44,0.4318181818181818,0.5681818181818182,3.0,32.465625,0.24875,64.27365625,0.549375
Central,2015-06-29,2727.534,242.70749999999998,5,0.2222222222222222,0.08898422531121518,27,0.548489666136725,41,0.36585365853658536,0.6341463414634146,3.6666666666666665,32.465625,0.24875,64.27365625,0.549375
Central,2015-07-06,2122.319,25.7215,4,0.37,0.01211952585827107,28,0.548489666136725,41,0.5121951219512195,0.7317073170731707,2.6363636363636362,32.465625,0.24875,64.27365625,0.549375
Central,2015-07-13,62.263999999999996,-61.045399999999994,2,0.4000000000000001,-0.98042849800848,29,0.548489666136725,38,0.5789473684210527,0.5,3.0526315789473686,32.465625,0.24875,64.27365625,0.549375
Central,2015-07-20,2693.168,109.84819999999999,2,0.16,0.0407877265733144,30,0.548489666136725,40,0.575,0.725,3.090909090909091,32.465625,0.24875,64.27365625,0.549375
Central,2015-07-27,270.262,60.9262,3,0.06666666666666667,0.22543383827545124,31,0.548489666136725,27,0.5185185185185185,0.7407407407407407,3.857142857142857,32.465625,0.24875,64.27365625,0.549375
Central,2015-08-03,2142.8892,132.25869999999998,6,0.2346666666666667,0.06171980333840871,32,0.548489666136725,50,0.54,0.68,2.5625,32.465625,0.24875,64.27365625,0.549375
Central,2015-08-10,151.05,68.8877,3,0.0,0.4560589208871234,33,0.548489666136725,31,0.6451612903225806,0.6451612903225806,2.5454545454545454,32.465625,0.24875,64.27365625,0.549375
Central,2015-08-17,59.848,-4.898,1,0.35000000000000003,-0.08184066301296618,34,0.548489666136725,32,0.5,0.59375,3.1538461538461537,32.465625,0.24875,64.27365625,0.549375
Central,2015-08-24,6926.704,828.5195,5,0.35000000000000003,0.11961237263783757,35,0.548489666136725,38,0.5526315789473685,0.7368421052631579,2.5,32.465625,0.24875,64.27365625,0.549375
Central,2015-08-31,295.696,-10.326599999999997,5,0.275,-0.034923029056869205,36,0.548489666136725,40,0.4,0.7,3.0833333333333335,32.465625,0.24875,64.27365625,0.549375
Central,2015-09-07,2136.398,403.4104,5,0.15714285714285717,0.18882736269178307,37,0.548489666136725,38,0.5526315789473685,0.6842105263157895,3.3333333333333335,32.465625,0.24875,64.27365625,0.549375
Central,2015-09-14,272.41200000000003,7.2876,4,0.3666666666666667,0.026752125457028323,38,0.548489666136725,41,0.5365853658536586,0.6097560975609756,3.25,32.465625,0.24875,64.27365625,0.549375
Central,2015-09-21,4894.974,1169.7821,8,0.24000000000000002,0.23897616207971684,39,0.548489666136725,52,0.4807692307692308,0.6153846153846154,3.45,32.465625,0.24875,64.27365625,0.549375
Central,2015-09-28,111.76,-1.7688000000000006,1,0.5,-0.015826771653543313,40,0.548489666136725,35,0.4857142857142857,0.7142857142857143,3.3,32.465625,0.24875,64.27365625,0.549375
Central,2015-10-05,1480.5890000000002,172.19559999999998,5,0.13333333333333333,0.11630209328854933,41,0.548489666136725,41,0.5121951219512195,0.5853658536585366,2.6470588235294117,32.465625,0.24875,64.27365625,0.549375
Central,2015-10-12,3732.654,-402.9781,7,0.2692307692307692,-0.10796020740202547,42,0.548489666136725,51,0.47058823529411764,0.7254901960784313,2.2857142857142856,32.465625,0.24875,64.27365625,0.549375
Central,2015-10-19,1305.463,185.19909999999996,7,0.36153846153846153,0.14186468708802927,43,0.548489666136725,39,0.48717948717948717,0.6410256410256411,2.642857142857143,32.465625,0.24875,64.27365625,0.549375
Central,2015-10-26,370.02,96.011,2,0.0,0.2594751635046754,44,0.548489666136725,44,0.5454545454545454,0.6363636363636364,2.75,32.465625,0.24875,64.27365625,0.549375
Central,2015-11-02,1422.586,-56.198699999999974,7,0.3692307692307693,-0.03950460639989426,45,0.548489666136725,39,0.41025641025641024,0.6666666666666666,2.8461538461538463,32.465625,0.24875,64.27365625,0.549375
Central,2015-11-09,5934.3932,1384.8775,10,0.11750000000000001,0.2333646344836065,46,0.548489666136725,27,0.25925925925925924,0.7407407407407407,3.5714285714285716,32.465625,0.24875,64.27365625,0.549375
Central,2015-11-16,6572.3788,1096.3331,11,0.2507142857142857,0.16680917721906108,47,0.548489666136725,43,0.4418604651162791,0.627906976744186,2.8125,32.465625,0.24875,64.27365625,0.549375
Central,2015-11-23,4969.8460000000005,842.4119000000001,8,0.23888888888888887,0.16950462851364007,48,0.548489666136725,46,0.6086956521739131,0.6521739130434783,2.3125,32.465625,0.24875,64.27365625,0.549375
Central,2015-11-30,1350.9660000000001,580.1048,9,0.23636363636363636,0.4293999997039155,49,0.548489666136725,40,0.45,0.675,2.769230769230769,32.465625,0.24875,64.27365625,0.549375
Central,2015-12-07,3839.5260000000003,587.0379,8,0.13333333333333333,0.15289332589491514,50,0.548489666136725,39,0.5128205128205128,0.6666666666666666,3.1538461538461537,32.465625,0.24875,64.27365625,0.549375
Central,2015-12-14,2745.132,308.5792,8,0.1388888888888889,0.11240960361833238,51,0.548489666136725,44,0.4772727272727273,0.6818181818181818,2.7857142857142856,32.465625,0.24875,64.27365625,0.549375
Central,2015-12-21,8484.1632,2700.7873,8,0.14842105263157895,0.31833278501761963,52,0.548489666136725,27,0.4074074074074074,0.5925925925925926,3.272727272727273,32.465625,0.24875,64.27365625,0.549375
Central,2015-12-28,2303.066,367.035,6,0.23333333333333336,0.15936799032246582,53,0.548489666136725,20,0.6,0.7,3.0,32.465625,0.24875,64.27365625,0.549375
Central,2016-01-04,1720.9260000000002,455.08320000000003,2,0.2,0.2644408882194818,1,0.548489666136725,38,0.4473684210526316,0.631578947368421,3.0,32.465625,0.24875,64.27365625,0.549375
Central,2016-01-25,2239.86,-338.86160000000007,3,0.38,-0.15128695543471468,4,0.548489666136725,32,0.5625,0.625,3.0833333333333335,32.465625,0.24875,64.27365625,0.549375
Central,2016-02-01,73.784,-77.4732,1,0.6,-1.05,5,0.548489666136725,39,0.48717948717948717,0.717948717948718,3.0,32.465625,0.24875,64.27365625,0.549375
Central,2016-02-08,311.43,0.6993,2,0.15,0.0022454484153742417,6,0.548489666136725,31,0.7741935483870968,0.6451612903225806,2.8181818181818183,32.465625,0.24875,64.27365625,0.549375
Central,2016-02-15,167.182,-224.60940000000002,1,0.375,-1.3435022909164864,7,0.548489666136725,37,0.5405405405405406,0.5675675675675675,2.3125,32.465625,0.24875,64.27365625,0.549375
Central,2016-02-22,563.332,158.818,3,0.19999999999999998,0.28192611106771853,8,0.548489666136725,36,0.5277777777777778,0.6666666666666666,2.8333333333333335,32.465625,0.24875,64.27365625,0.549375
Central,2016-02-29,6709.368,-1021.6353000000001,7,0.31176470588235294,-0.15226997535386344,9,0.548489666136725,37,0.5675675675675675,0.7027027027027027,3.090909090909091,32.465625,0.24875,64.27365625,0.549375
Central,2016-03-07,1117.661,147.6224,5,0.2545454545454546,0.1320815524564246,10,0.548489666136725,35,0.45714285714285713,0.5428571428571428,2.8125,32.465625,0.24875,64.27365625,0.549375
Central,2016-03-14,1668.7679999999998,-23.536299999999983,5,0.2525,-0.014103997679725394,11,0.548489666136725,31,0.41935483870967744,0.8064516129032258,3.6666666666666665,32.465625,0.24875,64.27365625,0.549375
Central,2016-03-21,1955.636,250.7953,4,0.2571428571428572,0.12824232116815196,12,0.548489666136725,37,0.6216216216216216,0.6756756756756757,2.6666666666666665,32.465625,0.24875,64.27365625,0.549375
Central,2016-03-28,3511.6220000000003,569.2854,5,0.1125,0.16211465812664344,13,0.548489666136725,33,0.5757575757575758,0.6363636363636364,3.0833333333333335,32.465625,0.24875,64.27365625,0.549375
Central,2016-04-04,2311.8199999999997,-1636.1084,4,0.24285714285714285,-0.707714441435752,14,0.548489666136725,40,0.475,0.7,3.3333333333333335,32.465625,0.24875,64.27365625,0.549375
Central,2016-04-11,70.578,17.7804,2,0.13333333333333333,0.2519255292017342,15,0.548489666136725,37,0.5675675675675675,0.6486486486486487,2.769230769230769,32.465625,0.24875,64.27365625,0.549375
Central,2016-04-18,2832.472,-259.7479,6,0.33636363636363636,-0.09170360730838645,16,0.548489666136725,49,0.5306122448979592,0.6938775510204082,3.3333333333333335,32.465625,0.24875,64.27365625,0.549375
Central,2016-04-25,438.24,5.238099999999999,3,0.4,0.011952583059510769,17,0.548489666136725,41,0.5365853658536586,0.7073170731707317,3.0833333333333335,32.465625,0.24875,64.27365625,0.549375
Central,2016-05-02,629.58,-175.2863,6,0.35454545454545455,-0.27841783411162996,18,0.548489666136725,36,0.3611111111111111,0.7777777777777778,3.5,32.465625,0.24875,64.27365625,0.549375
Central,2016-05-09,1040.0,-41.73760000000001,3,0.4571428571428572,-0.040132307692307696,19,0.548489666136725,44,0.4772727272727273,0.6363636363636364,2.375,32.465625,0.24875,64.27365625,0.549375
Central,2016-05-16,173.74,25.139899999999997,4,0.45,0.14469839990790834,20,0.548489666136725,46,0.43478260869565216,0.7391304347826086,3.5,32.465625,0.24875,64.27365625,0.549375
Central,2016-05-23,8062.108,1081.1285,6,0.2076923076923077,0.13409997732602938,21,0.548489666136725,44,0.5,0.8181818181818182,3.75,32.465625,0.24875,64.27365625,0.549375
Central,2016-05-30,2516.486,24.650799999999997,4,0.21904761904761902,0.009795723083696868,22,0.548489666136725,33,0.45454545454545453,0.6666666666666666,2.1818181818181817,32.465625,0.24875,64.27365625,0.549375
Central,2016-06-06,2934.527,71.21630000000002,6,0.41333333333333333,0.024268408503312466,23,0.548489666136725,38,0.5263157894736842,0.6052631578947368,3.066666666666667,32.465625,0.24875,64.27365625,0.549375
Central,2016-06-13,647.222,184.3039,4,0.1,0.28476148833012477,24,0.548489666136725,39,0.6410256410256411,0.7435897435897436,3.9,32.465625,0.24875,64.27365625,0.549375
Central,2016-06-20,1306.232,357.5255,9,0.23571428571428574,0.27370750372062547,25,0.548489666136725,42,0.6428571428571429,0.6190476190476191,2.75,32.465625,0.24875,64.27365625,0.549375
Central,2016-06-27,1557.12,54.3527,4,0.2333333333333333,0.034905916050143856,26,0.548489666136725,44,0.4318181818181818,0.5681818181818182,3.0,32.465625,0.24875,64.27365625,0.549375
Central,2016-07-04,1743.516,61.987300000000005,3,0.2625,0.03555304339048222,27,0.548489666136725,41,0.36585365853658536,0.6341463414634146,3.6666666666666665,32.465625,0.24875,64.27365625,0.549375
Central,2016-07-11,1296.096,230.164,5,0.13999999999999999,0.177582524751253,28,0.548489666136725,41,0.5121951219512195,0.7317073170731707,2.6363636363636362,32.465625,0.24875,64.27365625,0.549375
Central,2016-07-18,1483.176,203.7794,5,0.23333333333333336,0.13739394380707348,29,0.548489666136725,38,0.5789473684210527,0.5,3.0526315789473686,32.465625,0.24875,64.27365625,0.549375
Central,2016-07-25,3801.774,295.57020000000006,8,0.1611111111111111,0.07774533678224957,30,0.548489666136725,40,0.575,0.725,3.090909090909091,32.465625,0.24875,64.27365625,0.549375
Central,2016-08-01,272.44800000000004,61.807199999999995,3,0.25,0.22685870331219163,31,0.548489666136725,27,0.5185185185185185,0.7407407407407407,3.857142857142857,32.465625,0.24875,64.27365625,0.549375
Central,2016-08-08,2128.7039999999997,-7.580100000000016,7,0.13333333333333333,-0.003560899025886181,32,0.548489666136725,50,0.54,0.68,2.5625,32.465625,0.24875,64.27365625,0.549375
Central,2016-08-15,115.584,25.012,3,0.44000000000000006,0.2163967331118494,33,0.548489666136725,31,0.6451612903225806,0.6451612903225806,2.5454545454545454,32.465625,0.24875,64.27365625,0.549375
Central,2016-08-22,4279.4628,105.485,9,0.2168,0.024649121847723502,34,0.548489666136725,32,0.5,0.59375,3.1538461538461537,32.465625,0.24875,64.27365625,0.549375
Central,2016-08-29,3597.886,209.7215,14,0.21851851851851853,0.058290201523894865,35,0.548489666136725,38,0.5526315789473685,0.7368421052631579,2.5,32.465625,0.24875,64.27365625,0.549375
Central,2016-09-05,6830.9996,-405.1015,20,0.22833333333333336,-0.05930339975426144,36,0.548489666136725,40,0.4,0.7,3.0833333333333335,32.465625,0.24875,64.27365625,0.549375
Central,2016-09-12,2476.65,740.1719,3,0.0,0.29886011345971375,37,0.548489666136725,38,0.5526315789473685,0.6842105263157895,3.3333333333333335,32.465625,0.24875,64.27365625,0.549375
Central,2016-09-19,2348.468,-397.94120000000004,10,0.13125,-0.16944714596920207,38,0.548489666136725,41,0.5365853658536586,0.6097560975609756,3.25,32.465625,0.24875,64.27365625,0.549375
Central,2016-09-26,20991.9118,8123.321800000001,12,0.246,0.38697389153473866,39,0.548489666136725,52,0.4807692307692308,0.6153846153846154,3.45,32.465625,0.24875,64.27365625,0.549375
Central,2016-10-03,254.186,-2.6034000000000006,6,0.3,-0.010242106174218881,40,0.548489666136725,35,0.4857142857142857,0.7142857142857143,3.3,32.465625,0.24875,64.27365625,0.549375
Central,2016-10-10,3133.818,722.5373000000001,5,0.2375,0.23056134721288857,41,0.548489666136725,41,0.5121951219512195,0.5853658536585366,2.6470588235294117,32.465625,0.24875,64.27365625,0.549375
Central,2016-10-17,3057.502,1076.4565,6,0.14166666666666666,0.3520705791852303,42,0.548489666136725,51,0.47058823529411764,0.7254901960784313,2.2857142857142856,32.465625,0.24875,64.27365625,0.549375
Central,2016-10-24,94.232,41.1072,3,0.06666666666666667,0.4362339757195008,43,0.548489666136725,39,0.48717948717948717,0.6410256410256411,2.642857142857143,32.465625,0.24875,64.27365625,0.549375
Central,2016-10-31,3322.0548,-195.58459999999997,9,0.221,-0.05887458569316797,44,0.548489666136725,44,0.5454545454545454,0.6363636363636364,2.75,32.465625,0.24875,64.27365625,0.549375
Central,2016-11-07,4856.072,703.4907000000001,12,0.155,0.14486825977868534,45,0.548489666136725,39,0.41025641025641024,0.6666666666666666,2.8461538461538463,32.465625,0.24875,64.27365625,0.549375
Central,2016-11-14,4073.884,526.4854,11,0.24444444444444446,0.12923426391129447,46,0.548489666136725,27,0.25925925925925924,0.7407407407407407,3.5714285714285716,32.465625,0.24875,64.27365625,0.549375
Central,2016-11-21,4160.024,740.11,11,0.1814814814814815,0.177910031288281,47,0.548489666136725,43,0.4418604651162791,0.627906976744186,2.8125,32.465625,0.24875,64.27365625,0.549375
Central,2016-11-28,3161.556,-196.94550000000007,9,0.16999999999999998,-0.062293851508560996,48,0.548489666136725,46,0.6086956521739131,0.6521739130434783,2.3125,32.465625,0.24875,64.27365625,0.549375
Central,2016-12-05,6862.775,1388.3245,11,0.1318181818181818,0.2022978314165917,49,0.548489666136725,40,0.45,0.675,2.769230769230769,32.465625,0.24875,64.27365625,0.549375
Central,2016-12-12,13443.108,5608.8195,8,0.09230769230769233,0.417226395860243,50,0.548489666136725,39,0.5128205128205128,0.6666666666666666,3.1538461538461537,32.465625,0.24875,64.27365625,0.549375
Central,2016-12-19,1122.9460000000001,114.7511,5,0.2777777777777778,0.10218754953488411,51,0.548489666136725,44,0.4772727272727273,0.6818181818181818,2.7857142857142856,32.465625,0.24875,64.27365625,0.549375
Central,2016-12-26,2937.98,-225.92629999999997,8,0.3375,-0.07689851530643502,52,0.548489666136725,27,0.4074074074074074,0.5925925925925926,3.272727272727273,32.465625,0.24875,64.27365625,0.549375
Central,2017-01-02,4382.732,528.6578,2,0.32,0.1206228900147214,1,0.548489666136725,38,0.4473684210526316,0.631578947368421,3.0,32.465625,0.24875,64.27365625,0.549375
Central,2017-01-09,5886.646,-855.0244,4,0.1647058823529412,-0.14524814300027555,2,0.548489666136725,45,0.5555555555555556,0.6,2.4444444444444446,32.465625,0.24875,64.27365625,0.549375
Central,2017-01-16,7351.621000000001,3067.1205999999997,6,0.08461538461538462,0.41720330795072263,3,0.548489666136725,40,0.225,0.6,3.3125,32.465625,0.24875,64.27365625,0.549375
Central,2017-01-23,657.3679999999999,199.3231,5,0.125,0.3032138771586083,4,0.548489666136725,32,0.5625,0.625,3.0833333333333335,32.465625,0.24875,64.27365625,0.549375
Central,2017-01-30,3217.267,35.105299999999986,4,0.20625,0.010911528325128124,5,0.548489666136725,39,0.48717948717948717,0.717948717948718,3.0,32.465625,0.24875,64.27365625,0.549375
Central,2017-02-06,397.74399999999997,-436.2648,1,0.6000000000000001,-1.0968482239832655,6,0.548489666136725,31,0.7741935483870968,0.6451612903225806,2.8181818181818183,32.465625,0.24875,64.27365625,0.549375
Central,2017-02-13,2104.2364,-282.2178,4,0.26545454545454544,-0.1341188661121916,7,0.548489666136725,37,0.5405405405405406,0.5675675675675675,2.3125,32.465625,0.24875,64.27365625,0.549375
Central,2017-02-20,69.362,-0.7226000000000004,3,0.25,-0.010417808021683348,8,0.548489666136725,36,0.5277777777777778,0.6666666666666666,2.8333333333333335,32.465625,0.24875,64.27365625,0.549375
Central,2017-02-27,932.616,177.30960000000002,8,0.21333333333333335,0.19012069276100776,9,0.548489666136725,37,0.5675675675675675,0.7027027027027027,3.090909090909091,32.465625,0.24875,64.27365625,0.549375
Central,2017-03-06,1897.744,254.22160000000002,3,0.175,0.13395990186242193,10,0.548489666136725,35,0.45714285714285713,0.5428571428571428,2.8125,32.465625,0.24875,64.27365625,0.549375
Central,2017-03-13,2297.92,22.756799999999984,7,0.34117647058823536,0.009903216822169608,11,0.548489666136725,31,0.41935483870967744,0.8064516129032258,3.6666666666666665,32.465625,0.24875,64.27365625,0.549375
Central,2017-03-20,7841.490000000001,1677.2718,11,0.1473684210526316,0.21389707823385604,12,0.548489666136725,37,0.6216216216216216,0.6756756756756757,2.6666666666666665,32.465625,0.24875,64.27365625,0.549375
Central,2017-03-27,2657.4088,-40.01759999999999,7,0.27636363636363637,-0.015058879913395329,13,0.548489666136725,33,0.5757575757575758,0.6363636363636364,3.0833333333333335,32.465625,0.24875,64.27365625,0.549375
Central,2017-04-03,1556.3159999999998,471.1694,5,0.06666666666666667,0.3027466144407691,14,0.548489666136725,40,0.475,0.7,3.3333333333333335,32.465625,0.24875,64.27365625,0.549375
Central,2017-04-10,224.97,-36.3317,6,0.3777777777777778,-0.16149575498955415,15,0.548489666136725,37,0.5675675675675675,0.6486486486486487,2.769230769230769,32.465625,0.24875,64.27365625,0.549375
Central,2017-04-17,1097.278,-209.3489,8,0.36153846153846153,-0.19078929860983268,16,0.548489666136725,49,0.5306122448979592,0.6938775510204082,3.3333333333333335,32.465625,0.24875,64.27365625,0.549375
Central,2017-04-24,381.9596,-137.8026,4,0.48666666666666664,-0.3607779461492786,17,0.548489666136725,41,0.5365853658536586,0.7073170731707317,3.0833333333333335,32.465625,0.24875,64.27365625,0.549375
Central,2017-05-01,4063.8588,478.25880000000006,4,0.202,0.11768588022792525,18,0.548489666136725,36,0.3611111111111111,0.7777777777777778,3.5,32.465625,0.24875,64.27365625,0.549375
Central,2017-05-08,3605.758,717.7176,5,0.20588235294117646,0.19904763436703185,19,0.548489666136725,44,0.4772727272727273,0.6363636363636364,2.375,32.465625,0.24875,64.27365625,0.549375
Central,2017-05-15,2055.156,483.1985,8,0.21052631578947367,0.23511524185998534,20,0.548489666136725,46,0.43478260869565216,0.7391304347826086,3.5,32.465625,0.24875,64.27365625,0.549375
Central,2017-05-22,968.307,-18.393599999999992,6,0.4000000000000001,-0.01899562845254655,21,0.548489666136725,44,0.5,0.8181818181818182,3.75,32.465625,0.24875,64.27365625,0.549375
Central,2017-05-29,5478.0284,1481.8965,11,0.15368421052631578,0.2705163960084617,22,0.548489666136725,33,0.45454545454545453,0.6666666666666666,2.1818181818181817,32.465625,0.24875,64.27365625,0.549375
Central,2017-06-05,1997.1009999999999,122.4562,7,0.35454545454545455,0.06131697896100398,23,0.548489666136725,38,0.5263157894736842,0.6052631578947368,3.066666666666667,32.465625,0.24875,64.27365625,0.549375
Central,2017-06-12,962.504,-72.99040000000001,7,0.3307692307692308,-0.07583386666445023,24,0.548489666136725,39,0.6410256410256411,0.7435897435897436,3.9,32.465625,0.24875,64.27365625,0.549375
Central,2017-06-19,1610.7669999999998,-245.53700000000003,7,0.44166666666666665,-0.1524348338400278,25,0.548489666136725,42,0.6428571428571429,0.6190476190476191,2.75,32.465625,0.24875,64.27365625,0.549375
Central,2017-06-26,4623.1572,183.3619,9,0.19578947368421054,0.03966161912037082,26,0.548489666136725,44,0.4318181818181818,0.5681818181818182,3.0,32.465625,0.24875,64.27365625,0.549375
Central,2017-07-03,2338.024,-229.50299999999996,7,0.35384615384615387,-0.09816109672099173,27,0.548489666136725,41,0.36585365853658536,0.6341463414634146,3.6666666666666665,32.465625,0.24875,64.27365625,0.549375
Central,2017-07-10,705.636,138.7868,4,0.08,0.19668327579658634,28,0.548489666136725,41,0.5121951219512195,0.7317073170731707,2.6363636363636362,32.465625,0.24875,64.27365625,0.549375
Central,2017-07-17,3428.308,591.2302999999999,11,0.2210526315789474,0.17245542115819232,29,0.548489666136725,38,0.5789473684210527,0.5,3.0526315789473686,32.465625,0.24875,64.27365625,0.549375
Central,2017-07-24,1381.7740000000001,304.889,4,0.0875,0.22065041026969676,30,0.548489666136725,40,0.575,0.725,3.090909090909091,32.465625,0.24875,64.27365625,0.549375
Central,2017-07-31,2614.1639999999998,-8.592299999999966,10,0.19285714285714287,-0.0032868251571056624,31,0.548489666136725,27,0.5185185185185185,0.7407407407407407,3.857142857142857,32.465625,0.24875,64.27365625,0.549375
Central,2017-08-07,2329.934,507.0533,5,0.16363636363636366,0.21762560656224594,32,0.548489666136725,50,0.54,0.68,2.5625,32.465625,0.24875,64.27365625,0.549375
Central,2017-08-14,424.692,-136.33120000000002,4,0.47000000000000003,-0.32101193335405426,33,0.548489666136725,31,0.6451612903225806,0.6451612903225806,2.5454545454545454,32.465625,0.24875,64.27365625,0.549375
Central,2017-08-21,212.152,5.578000000000005,4,0.13333333333333333,0.02629246955013389,34,0.548489666136725,32,0.5,0.59375,3.1538461538461537,32.465625,0.24875,64.27365625,0.549375
Central,2017-08-28,5420.372,1389.7123,11,0.24000000000000005,0.2563868863613051,35,0.548489666136725,38,0.5526315789473685,0.7368421052631579,2.5,32.465625,0.24875,64.27365625,0.549375
Central,2017-09-04,6094.287,-756.1444000000001,15,0.184375,-0.12407430106261817,36,0.548489666136725,40,0.4,0.7,3.0833333333333335,32.465625,0.24875,64.27365625,0.549375
Central,2017-09-11,2785.194,7.954699999999988,8,0.28,0.002856066758724882,37,0.548489666136725,38,0.5526315789473685,0.6842105263157895,3.3333333333333335,32.465625,0.24875,64.27365625,0.549375
Central,2017-09-18,3261.3219999999997,625.4595,13,0.14583333333333334,0.1917809710295396,38,0.548489666136725,41,0.5365853658536586,0.6097560975609756,3.25,32.465625,0.24875,64.27365625,0.549375
Central,2017-09-25,775.5880000000001,145.0839,6,0.2222222222222222,0.18706310566950493,39,0.548489666136725,52,0.4807692307692308,0.6153846153846154,3.45,32.465625,0.24875,64.27365625,0.549375
Central,2017-10-02,2526.726,908.0398,7,0.25,0.35937406746912803,40,0.548489666136725,35,0.4857142857142857,0.7142857142857143,3.3,32.465625,0.24875,64.27365625,0.549375
Central,2017-10-09,2957.459,-604.8824,8,0.4066666666666667,-0.20452773816982756,41,0.548489666136725,41,0.5121951219512195,0.5853658536585366,2.6470588235294117,32.465625,0.24875,64.27365625,0.549375
Central,2017-10-16,3782.2702,356.3715,10,0.20142857142857146,0.09422158681312616,42,0.548489666136725,51,0.47058823529411764,0.7254901960784313,2.2857142857142856,32.465625,0.24875,64.27365625,0.549375
Central,2017-10-23,1899.041,-82.2394,8,0.25,-0.043305752745727975,43,0.548489666136725,39,0.48717948717948717,0.6410256410256411,2.642857142857143,32.465625,0.24875,64.27365625,0.549375
Central,2017-10-30,1955.702,164.4462,12,0.23750000000000002,0.0840855099601064,44,0.548489666136725,44,0.5454545454545454,0.6363636363636364,2.75,32.465625,0.24875,64.27365625,0.549375
Central,2017-11-06,1841.368,-379.7743,14,0.26956521739130435,-0.20624573686520023,45,0.548489666136725,39,0.41025641025641024,0.6666666666666666,2.8461538461538463,32.465625,0.24875,64.27365625,0.549375
Central,2017-11-13,5046.975,-2614.4042999999997,17,0.27034482758620687,-0.5180141173673338,46,0.548489666136725,27,0.25925925925925924,0.7407407407407407,3.5714285714285716,32.465625,0.24875,64.27365625,0.549375
Central,2017-11-20,6211.017,918.3264,17,0.2129032258064516,0.14785443350098704,47,0.548489666136725,43,0.4418604651162791,0.627906976744186,2.8125,32.465625,0.24875,64.27365625,0.549375
Central,2017-11-27,4688.012,407.0746000000002,12,0.175,0.0868330968436088,48,0.548489666136725,46,0.6086956521739131,0.6521739130434783,2.3125,32.465625,0.24875,64.27365625,0.549375
Central,2017-12-04,5985.268,-1806.3792,14,0.10967741935483873,-0.3018042299860257,49,0.548489666136725,40,0.45,0.675,2.769230769230769,32.465625,0.24875,64.27365625,0.549375
Central,2017-12-11,2601.784,-552.9961999999999,12,0.3,-0.2125450075794147,50,0.548489666136725,39,0.5128205128205128,0.6666666666666666,3.1538461538461537,32.465625,0.24875,64.27365625,0.549375
Central,2017-12-18,4902.236,982.887,10,0.17894736842105263,0.200497691257622,51,0.548489666136725,44,0.4772727272727273,0.6818181818181818,2.7857142857142856,32.465625,0.24875,64.27365625,0.549375
Central,2017-12-25,1651.0048,93.25180000000002,9,0.32333333333333336,0.056481846691178623,52,0.548489666136725,27,0.4074074074074074,0.5925925925925926,3.272727272727273,32.465625,0.24875,64.27365625,0.549375
East,2013-12-30,19.536,4.884,1,0.2,0.25,1,0.6172106824925816,33,0.6363636363636364,0.6666666666666666,3.090909090909091,32.9048091224591,0.255825483391175,65.03991075855231,0.5394149727317799
East,2014-01-06,9.94,3.0814,1,0.0,0.31,2,0.6172106824925816,57,0.47368421052631576,0.7368421052631579,3.0,32.9048091224591,0.255825483391175,65.03991075855231,0.5394149727317799
East,2014-01-13,402.77,-48.647499999999994,3,0.41428571428571426,-0.12078233234848672,3,0.6172106824925816,43,0.5581395348837209,0.6744186046511628,2.4285714285714284,32.9048091224591,0.255825483391175,65.03991075855231,0.5394149727317799
East,2014-01-27,3.928,1.3257,1,0.2,0.3375,5,0.6172106824925816,58,0.4827586206896552,0.6724137931034483,2.4210526315789473,32.9048091224591,0.255825483391175,65.03991075855231,0.5394149727317799
East,2014-02-03,180.32,59.3488,2,0.0,0.32913043478260867,6,0.6172106824925816,54,0.5925925925925926,0.6851851851851852,2.588235294117647,32.9048091224591,0.255825483391175,65.03991075855231,0.5394149727317799
East,2014-02-24,227.77999999999997,61.019800000000004,4,0.10000000000000002,0.26788919132496275,9,0.6172106824925816,58,0.5,0.6379310344827587,2.8095238095238093,32.9048091224591,0.255825483391175,65.03991075855231,0.5394149727317799
East,2014-03-03,1228.874,111.08180000000002,3,0.13636363636363635,0.09039315666211509,10,0.6172106824925816,47,0.5106382978723404,0.7659574468085106,3.6363636363636362,32.9048091224591,0.255825483391175,65.03991075855231,0.5394149727317799
East,2014-03-10,127.70400000000001,53.0024,2,0.13333333333333333,0.4150410323873958,11,0.6172106824925816,29,0.4827586206896552,0.7586206896551724,3.0,32.9048091224591,0.255825483391175,65.03991075855231,0.5394149727317799
East,2014-03-17,3595.21,-987.7259,3,0.225,-0.274733854211576,12,0.6172106824925816,57,0.5087719298245614,0.7719298245614035,3.4615384615384617,32.9048091224591,0.255825483391175,65.03991075855231,0.5394149727317799
East,2014-03-24,782.424,-42.55239999999999,5,0.1,-0.05438534605277956,13,0.6172106824925816,40,0.6,0.675,3.1538461538461537,32.9048091224591,0.255825483391175,65.03991075855231,0.5394149727317799
East,2014-03-31,456.294,-20.562199999999997,5,0.275,-0.04506348976756214,14,0.6172106824925816,43,0.4883720930232558,0.6744186046511628,2.7142857142857144,32.9048091224591,0.255825483391175,65.03991075855231,0.5394149727317799
East,2014-04-07,810.686,-479.4547,3,0.31666666666666665,-0.5914185023547958,15,0.6172106824925816,45,0.4222222222222222,0.7333333333333333,3.3333333333333335,32.9048091224591,0.255825483391175,65.03991075855231,0.5394149727317799
East,2014-04-21,852.822,101.49389999999998,3,0.34285714285714286,0.1190094767724097,17,0.6172106824925816,44,0.5909090909090909,0.7272727272727273,2.75,32.9048091224591,0.255825483391175,65.03991075855231,0.5394149727317799
East,2014-04-28,1040.624,207.6608,8,0.08571428571428573,0.19955411368563478,18,0.6172106824925816,54,0.5185185185185185,0.6481481481481481,3.1578947368421053,32.9048091224591,0.255825483391175,65.03991075855231,0.5394149727317799
East,2014-05-05,3299.5150000000003,253.8282,4,0.17500000000000002,0.07692894258701657,19,0.6172106824925816,54,0.6111111111111112,0.7037037037037037,3.3125,32.9048091224591,0.255825483391175,65.03991075855231,0.5394149727317799
East,2014-05-12,1645.02,-289.4586,3,0.275,-0.17596053543421963,20,0.6172106824925816,37,0.6216216216216216,0.6756756756756757,3.0833333333333335,32.9048091224591,0.255825483391175,65.03991075855231,0.5394149727317799
East,2014-05-19,1365.038,494.0196,6,0.10714285714285714,0.3619090457555028,21,0.6172106824925816,49,0.3877551020408163,0.673469387755102,3.1875,32.9048091224591,0.255825483391175,65.03991075855231,0.5394149727317799
East,2014-05-26,1170.542,370.5367,3,0.05714285714285715,0.316551392431882,22,0.6172106824925816,33,0.36363636363636365,0.7575757575757576,2.875,32.9048091224591,0.255825483391175,65.03991075855231,0.5394149727317799
East,2014-06-02,3373.44,-184.2159,5,0.10909090909090911,-0.054607729795105295,23,0.6172106824925816,41,0.4146341463414634,0.6829268292682927,2.5384615384615383,32.9048091224591,0.255825483391175,65.03991075855231,0.5394149727317799
East,2014-06-16,4934.213,830.6655000000001,8,0.16999999999999998,0.16834812360147405,25,0.6172106824925816,45,0.4222222222222222,0.6444444444444445,2.875,32.9048091224591,0.255825483391175,65.03991075855231,0.5394149727317799
East,2014-06-23,1772.767,116.35920000000002,4,0.33749999999999997,0.06563705213375476,26,0.6172106824925816,52,0.4807692307692308,0.6730769230769231,2.5294117647058822,32.9048091224591,0.255825483391175,65.03991075855231,0.5394149727317799
East,2014-06-30,983.608,309.6919,4,0.10000000000000002,0.3148529698823108,27,0.6172106824925816,41,0.5121951219512195,0.7317073170731707,3.090909090909091,32.9048091224591,0.255825483391175,65.03991075855231,0.5394149727317799
East,2014-07-07,1905.946,466.8906,5,0.07272727272727274,0.2449652823322382,28,0.6172106824925816,38,0.47368421052631576,0.7105263157894737,3.4545454545454546,32.9048091224591,0.255825483391175,65.03991075855231,0.5394149727317799
East,2014-07-14,690.948,83.6054,6,0.2,0.12100100152254584,29,0.6172106824925816,53,0.5471698113207547,0.6415094339622641,2.8947368421052633,32.9048091224591,0.255825483391175,65.03991075855231,0.5394149727317799
East,2014-07-21,331.7,99.4922,3,0.0,0.2999463370515526,30,0.6172106824925816,40,0.6,0.7,2.9166666666666665,32.9048091224591,0.255825483391175,65.03991075855231,0.5394149727317799
East,2014-07-28,169.3,53.063399999999994,2,0.05,0.3134282339043118,31,0.6172106824925816,53,0.5283018867924528,0.8301886792452831,2.6666666666666665,32.9048091224591,0.255825483391175,65.03991075855231,0.5394149727317799
East,2014-08-04,2186.43,703.5869,4,0.0,0.3217971304821101,32,0.6172106824925816,43,0.46511627906976744,0.7674418604651163,2.4,32.9048091224591,0.255825483391175,65.03991075855231,0.5394149727317799
East,2014-08-11,1487.5819999999999,-80.40799999999999,4,0.1,-0.05405281860092418,33,0.6172106824925816,57,0.40350877192982454,0.7543859649122807,3.4285714285714284,32.9048091224591,0.255825483391175,65.03991075855231,0.5394149727317799
East,2014-08-18,198.384,-9.1927,5,0.1875,-0.046337910315348015,34,0.6172106824925816,42,0.4523809523809524,0.5952380952380952,2.823529411764706,32.9048091224591,0.255825483391175,65.03991075855231,0.5394149727317799
East,2014-08-25,540.752,134.7568,5,0.20714285714285713,0.24920259194603073,35,0.6172106824925816,37,0.6756756756756757,0.7297297297297297,3.8,32.9048091224591,0.255825483391175,65.03991075855231,0.5394149727317799
East,2014-09-01,1761.048,-314.0518,8,0.1357142857142857,-0.17833233392843353,36,0.6172106824925816,52,0.4423076923076923,0.6153846153846154,2.95,32.9048091224591,0.255825483391175,65.03991075855231,0.5394149727317799
East,2014-09-08,12097.718,2727.0901,14,0.12258064516129032,0.22542186055254385,37,0.6172106824925816,47,0.5957446808510638,0.7659574468085106,3.0,32.9048091224591,0.255825483391175,65.03991075855231,0.5394149727317799
East,2014-09-15,5271.253000000001,1345.6216,10,0.1368421052631579,0.2552754724540825,38,0.6172106824925816,40,0.4,0.425,2.9565217391304346,32.9048091224591,0.255825483391175,65.03991075855231,0.5394149727317799
East,2014-09-22,1335.19,294.4606,11,0.1473684210526316,0.2205383503471416,39,0.6172106824925816,45,0.4666666666666667,0.6666666666666666,2.8666666666666667,32.9048091224591,0.255825483391175,65.03991075855231,0.5394149727317799
East,2014-09-29,5721.862,132.15739999999997,8,0.15000000000000002,0.02309692194603784,40,0.6172106824925816,37,0.35135135135135137,0.5945945945945946,3.1333333333333333,32.9048091224591,0.255825483391175,65.03991075855231,0.5394149727317799
East,2014-10-06,941.3539999999999,57.00430000000002,5,0.31428571428571433,0.06055564644119006,41,0.6172106824925816,42,0.42857142857142855,0.6428571428571429,2.7333333333333334,32.9048091224591,0.255825483391175,65.03991075855231,0.5394149727317799
East,2014-10-13,2891.5739999999996,362.2963,6,0.1,0.1252938019224132,42,0.6172106824925816,45,0.4444444444444444,0.7111111111111111,2.3846153846153846,32.9048091224591,0.255825483391175,65.03991075855231,0.5394149727317799
East,2014-10-20,679.744,-105.3447,3,0.33999999999999997,-0.15497702076075698,43,0.6172106824925816,45,0.3333333333333333,0.7333333333333333,2.9166666666666665,32.9048091224591,0.255825483391175,65.03991075855231,0.5394149727317799
East,2014-10-27,5175.752,-88.99959999999996,7,0.19,-0.017195491592332853,44,0.6172106824925816,43,0.5116279069767442,0.6046511627906976,2.8823529411764706,32.9048091224591,0.255825483391175,65.03991075855231,0.5394149727317799
East,2014-11-03,7573.3460000000005,2355.228,9,0.12,0.3109890925358487,45,0.6172106824925816,43,0.5116279069767442,0.7209302325581395,2.9166666666666665,32.9048091224591,0.255825483391175,65.03991075855231,0.5394149727317799
East,2014-11-10,1780.8519999999999,165.03650000000002,4,0.08888888888888889,0.09267277685063106,46,0.6172106824925816,61,0.5409836065573771,0.6885245901639344,2.5789473684210527,32.9048091224591,0.255825483391175,65.03991075855231,0.5394149727317799
East,2014-11-17,17577.303,3120.3115,12,0.18518518518518517,0.17751935550067038,47,0.6172106824925816,40,0.5,0.65,3.5714285714285716,32.9048091224591,0.255825483391175,65.03991075855231,0.5394149727317799
East,2014-11-24,5381.688,-222.38619999999997,13,0.16,-0.04132275969918731,48,0.6172106824925816,48,0.5208333333333334,0.6666666666666666,2.875,32.9048091224591,0.255825483391175,65.03991075855231,0.5394149727317799
East,2014-12-01,4588.794,439.8705,8,0.17391304347826086,0.09585753903966925,49,0.6172106824925816,31,0.4838709677419355,0.6129032258064516,3.5833333333333335,32.9048091224591,0.255825483391175,65.03991075855231,0.5394149727317799
East,2014-12-08,8631.426,2408.8676,4,0.2,0.2790810695706596,50,0.6172106824925816,52,0.4230769230769231,0.5576923076923077,3.260869565217391,32.9048091224591,0.255825483391175,65.03991075855231,0.5394149727317799
East,2014-12-15,851.6,-89.5076,5,0.25999999999999995,-0.10510521371535932,51,0.6172106824925816,61,0.4098360655737705,0.6229508196721312,3.4347826086956523,32.9048091224591,0.255825483391175,65.03991075855231,0.5394149727317799
East,2014-12-22,4964.864,941.2792999999999,11,0.1388888888888889,0.18958813373337113,52,0.6172106824925816,30,0.36666666666666664,0.6,2.4166666666666665,32.9048091224591,0.255825483391175,65.03991075855231,0.5394149727317799
East,2014-12-29,7593.088,-8.049799999999921,10,0.15,-0.0010601483875861733,1,0.6172106824925816,33,0.6363636363636364,0.6666666666666666,3.090909090909091,32.9048091224591,0.255825483391175,65.03991075855231,0.5394149727317799
East,2015-01-05,1108.272,-345.0052,2,0.15000000000000002,-0.3113001140514242,2,0.6172106824925816,57,0.47368421052631576,0.7368421052631579,3.0,32.9048091224591,0.255825483391175,65.03991075855231,0.5394149727317799
East,2015-01-12,861.294,64.80879999999999,3,0.2285714285714286,0.07524585101022414,3,0.6172106824925816,43,0.5581395348837209,0.6744186046511628,2.4285714285714284,32.9048091224591,0.255825483391175,65.03991075855231,0.5394149727317799
East,2015-01-26,769.332,-191.64319999999998,1,0.3666666666666667,-0.24910337799545576,5,0.6172106824925816,58,0.4827586206896552,0.6724137931034483,2.4210526315789473,32.9048091224591,0.255825483391175,65.03991075855231,0.5394149727317799
East,2015-02-02,1757.2839999999999,338.7013,3,0.1,0.19274135540982562,6,0.6172106824925816,54,0.5925925925925926,0.6851851851851852,2.588235294117647,32.9048091224591,0.255825483391175,65.03991075855231,0.5394149727317799
East,2015-02-09,1157.202,112.26289999999999,3,0.325,0.09701236257801144,7,0.6172106824925816,47,0.5106382978723404,0.7446808510638298,3.4166666666666665,32.9048091224591,0.255825483391175,65.03991075855231,0.5394149727317799
East,2015-02-16,2864.65,1361.7014,3,0.0,0.4753465170265128,8,0.6172106824925816,33,0.42424242424242425,0.7272727272727273,2.888888888888889,32.9048091224591,0.255825483391175,65.03991075855231,0.5394149727317799
East,2015-02-23,687.5490000000001,-5.634099999999999,5,0.17777777777777778,-0.008194470503193226,9,0.6172106824925816,58,0.5,0.6379310344827587,2.8095238095238093,32.9048091224591,0.255825483391175,65.03991075855231,0.5394149727317799
East,2015-03-02,2415.293,318.0964,5,0.14615384615384613,0.1317009571923572,10,0.6172106824925816,47,0.5106382978723404,0.7659574468085106,3.6363636363636362,32.9048091224591,0.255825483391175,65.03991075855231,0.5394149727317799
East,2015-03-09,778.28,348.5606,2,0.0,0.44786015315824645,11,0.6172106824925816,29,0.4827586206896552,0.7586206896551724,3.0,32.9048091224591,0.255825483391175,65.03991075855231,0.5394149727317799
East,2015-03-16,1597.934,477.2525,4,0.044444444444444446,0.298668468159511,12,0.6172106824925816,57,0.5087719298245614,0.7719298245614035,3.4615384615384617,32.9048091224591,0.255825483391175,65.03991075855231,0.5394149727317799
East,2015-03-23,1216.682,329.6494,5,0.1,0.27094129772611086,13,0.6172106824925816,40,0.6,0.675,3.1538461538461537,32.9048091224591,0.255825483391175,65.03991075855231,0.5394149727317799
East,2015-03-30,1871.252,-191.9492,3,0.26153846153846155,-0.10257795315649629,14,0.6172106824925816,43,0.4883720930232558,0.6744186046511628,2.7142857142857144,32.9048091224591,0.255825483391175,65.03991075855231,0.5394149727317799
East,2015-04-06,1118.7559999999999,370.4198,6,0.02,0.33109972147635414,15,0.6172106824925816,45,0.4222222222222222,0.7333333333333333,3.3333333333333335,32.9048091224591,0.255825483391175,65.03991075855231,0.5394149727317799
East,2015-04-13,574.08,7.7768999999999915,5,0.19999999999999998,0.013546718227424733,16,0.6172106824925816,41,0.3902439024390244,0.6829268292682927,3.4615384615384617,32.9048091224591,0.255825483391175,65.03991075855231,0.5394149727317799
East,2015-04-20,232.42000000000002,98.3663,2,0.0,0.42322648653300055,17,0.6172106824925816,44,0.5909090909090909,0.7272727272727273,2.75,32.9048091224591,0.255825483391175,65.03991075855231,0.5394149727317799
East,2015-04-27,5040.476000000001,790.2235,5,0.12352941176470589,0.15677557040247783,18,0.6172106824925816,54,0.5185185185185185,0.6481481481481481,3.1578947368421053,32.9048091224591,0.255825483391175,65.03991075855231,0.5394149727317799
East,2015-05-04,3457.61,1115.2787,4,0.0625,0.32255769158464953,19,0.6172106824925816,54,0.6111111111111112,0.7037037037037037,3.3125,32.9048091224591,0.255825483391175,65.03991075855231,0.5394149727317799
East,2015-05-11,746.1899999999999,144.1584,4,0.23636363636363636,0.19319261850199013,20,0.6172106824925816,37,0.6216216216216216,0.6756756756756757,3.0833333333333335,32.9048091224591,0.255825483391175,65.03991075855231,0.5394149727317799
East,2015-05-18,76.03800000000001,-4.139699999999998,2,0.35,-0.05444251558431307,21,0.6172106824925816,49,0.3877551020408163,0.673469387755102,3.1875,32.9048091224591,0.255825483391175,65.03991075855231,0.5394149727317799
East,2015-05-25,2143.3979999999997,398.67539999999997,9,0.05500000000000001,0.1860015732029236,22,0.6172106824925816,33,0.36363636363636365,0.7575757575757576,2.875,32.9048091224591,0.255825483391175,65.03991075855231,0.5394149727317799
East,2015-06-01,1640.606,193.34999999999997,3,0.19999999999999998,0.1178527934190171,23,0.6172106824925816,41,0.4146341463414634,0.6829268292682927,2.5384615384615383,32.9048091224591,0.255825483391175,65.03991075855231,0.5394149727317799
East,2015-06-08,254.508,54.342800000000004,5,0.1,0.21352098951702894,24,0.6172106824925816,41,0.5853658536585366,0.6585365853658537,2.857142857142857,32.9048091224591,0.255825483391175,65.03991075855231,0.5394149727317799
East,2015-06-15,3516.452,1273.5468,4,0.16,0.36216811718175024,25,0.6172106824925816,45,0.4222222222222222,0.6444444444444445,2.875,32.9048091224591,0.255825483391175,65.03991075855231,0.5394149727317799
East,2015-06-22,1868.4759999999999,94.22460000000001,4,0.25,0.050428584579090135,26,0.6172106824925816,52,0.4807692307692308,0.6730769230769231,2.5294117647058822,32.9048091224591,0.255825483391175,65.03991075855231,0.5394149727317799
East,2015-06-29,729.7139999999999,57.3927,7,0.13,0.07865095092049762,27,0.6172106824925816,41,0.5121951219512195,0.7317073170731707,3.090909090909091,32.9048091224591,0.255825483391175,65.03991075855231,0.5394149727317799
East,2015-07-06,4556.412,1051.0733,8,0.1111111111111111,0.23068003946965288,28,0.6172106824925816,38,0.47368421052631576,0.7105263157894737,3.4545454545454546,32.9048091224591,0.255825483391175,65.03991075855231,0.5394149727317799
East,2015-07-13,3085.796,716.4110999999999,5,0.041666666666666664,0.2321641158391546,29,0.6172106824925816,53,0.5471698113207547,0.6415094339622641,2.8947368421052633,32.9048091224591,0.255825483391175,65.03991075855231,0.5394149727317799
East,2015-07-20,243.81599999999997,59.7674,4,0.22000000000000003,0.24513321521147097,30,0.6172106824925816,40,0.6,0.7,2.9166666666666665,32.9048091224591,0.255825483391175,65.03991075855231,0.5394149727317799
East,2015-07-27,3868.082,588.1508,2,0.05714285714285715,0.15205230912891712,31,0.6172106824925816,53,0.5283018867924528,0.8301886792452831,2.6666666666666665,32.9048091224591,0.255825483391175,65.03991075855231,0.5394149727317799
East,2015-08-03,4405.564,1188.7415,6,0.044444444444444446,0.2698273138240643,32,0.6172106824925816,43,0.46511627906976744,0.7674418604651163,2.4,32.9048091224591,0.255825483391175,65.03991075855231,0.5394149727317799
East,2015-08-10,1751.42,-264.08549999999997,4,0.2916666666666667,-0.1507836498384168,33,0.6172106824925816,57,0.40350877192982454,0.7543859649122807,3.4285714285714284,32.9048091224591,0.255825483391175,65.03991075855231,0.5394149727317799
East,2015-08-17,1593.546,-238.4118,5,0.2636363636363636,-0.1496108678381421,34,0.6172106824925816,42,0.4523809523809524,0.5952380952380952,2.823529411764706,32.9048091224591,0.255825483391175,65.03991075855231,0.5394149727317799
East,2015-08-24,1265.032,118.3324,4,0.17142857142857146,0.0935410329541071,35,0.6172106824925816,37,0.6756756756756757,0.7297297297297297,3.8,32.9048091224591,0.255825483391175,65.03991075855231,0.5394149727317799
East,2015-08-31,3127.786,547.0934,7,0.09999999999999999,0.1749139487164403,36,0.6172106824925816,52,0.4423076923076923,0.6153846153846154,2.95,32.9048091224591,0.255825483391175,65.03991075855231,0.5394149727317799
East,2015-09-07,4941.201,597.1829,11,0.11212121212121212,0.12085784407475025,37,0.6172106824925816,47,0.5957446808510638,0.7659574468085106,3.0,32.9048091224591,0.255825483391175,65.03991075855231,0.5394149727317799
East,2015-09-14,16433.21,75.80409999999992,10,0.15714285714285714,0.004612860177652445,38,0.6172106824925816,40,0.4,0.425,2.9565217391304346,32.9048091224591,0.255825483391175,65.03991075855231,0.5394149727317799
East,2015-09-21,4337.29,1126.0711999999999,15,0.14482758620689656,0.2596255265384606,39,0.6172106824925816,45,0.4666666666666667,0.6666666666666666,2.8666666666666667,32.9048091224591,0.255825483391175,65.03991075855231,0.5394149727317799
East,2015-09-28,1465.852,371.6988,8,0.12941176470588237,0.2535718476353684,40,0.6172106824925816,37,0.35135135135135137,0.5945945945945946,3.1333333333333333,32.9048091224591,0.255825483391175,65.03991075855231,0.5394149727317799
East,2015-10-05,1106.42,391.0143,5,0.06666666666666667,0.3534049456806637,41,0.6172106824925816,42,0.42857142857142855,0.6428571428571429,2.7333333333333334,32.9048091224591,0.255825483391175,65.03991075855231,0.5394149727317799
East,2015-10-12,2703.6279999999997,411.42560000000003,3,0.1142857142857143,0.15217537323921784,42,0.6172106824925816,45,0.4444444444444444,0.7111111111111111,2.3846153846153846,32.9048091224591,0.255825483391175,65.03991075855231,0.5394149727317799
East,2015-10-19,509.09000000000003,145.78660000000002,3,0.0,0.28636704708401267,43,0.6172106824925816,45,0.3333333333333333,0.7333333333333333,2.9166666666666665,32.9048091224591,0.255825483391175,65.03991075855231,0.5394149727317799
East,2015-10-26,3914.806,1181.0023,7,0.04615384615384616,0.3016758173968263,44,0.6172106824925816,43,0.5116279069767442,0.6046511627906976,2.8823529411764706,32.9048091224591,0.255825483391175,65.03991075855231,0.5394149727317799
East,2015-11-02,15350.024,4518.57,12,0.09999999999999999,0.29436892085641037,45,0.6172106824925816,43,0.5116279069767442,0.7209302325581395,2.9166666666666665,32.9048091224591,0.255825483391175,65.03991075855231,0.5394149727317799
East,2015-11-09,5595.694,1486.4436,11,0.06521739130434782,0.2656406158020792,46,0.6172106824925816,61,0.5409836065573771,0.6885245901639344,2.5789473684210527,32.9048091224591,0.255825483391175,65.03991075855231,0.5394149727317799
East,2015-11-16,4098.376,-167.48919999999998,11,0.17222222222222222,-0.04086721179315904,47,0.6172106824925816,40,0.5,0.65,3.5714285714285716,32.9048091224591,0.255825483391175,65.03991075855231,0.5394149727317799
East,2015-11-23,5920.838,1205.2847,10,0.040740740740740744,0.20356657283985813,48,0.6172106824925816,48,0.5208333333333334,0.6666666666666666,2.875,32.9048091224591,0.255825483391175,65.03991075855231,0.5394149727317799
East,2015-11-30,8169.075,722.406,14,0.196875,0.08843179919391118,49,0.6172106824925816,31,0.4838709677419355,0.6129032258064516,3.5833333333333335,32.9048091224591,0.255825483391175,65.03991075855231,0.5394149727317799
East,2015-12-07,2713.022,838.9008,7,0.08823529411764706,0.30921267870293717,50,0.6172106824925816,52,0.4230769230769231,0.5576923076923077,3.260869565217391,32.9048091224591,0.255825483391175,65.03991075855231,0.5394149727317799
East,2015-12-14,8949.34,-1584.6981,9,0.1875,-0.1770742982164048,51,0.6172106824925816,61,0.4098360655737705,0.6229508196721312,3.4347826086956523,32.9048091224591,0.255825483391175,65.03991075855231,0.5394149727317799
East,2015-12-21,5750.149,-45.75580000000006,12,0.18695652173913044,-0.007957324236293712,52,0.6172106824925816,30,0.36666666666666664,0.6,2.4166666666666665,32.9048091224591,0.255825483391175,65.03991075855231,0.5394149727317799
East,2015-12-28,466.664,106.96419999999999,3,0.05,0.2292103097731987,53,0.6172106824925816,21,0.38095238095238093,0.5714285714285714,3.0,32.9048091224591,0.255825483391175,65.03991075855231,0.5394149727317799
East,2016-01-04,124.42,-75.80199999999999,2,0.3666666666666667,-0.6092428869956598,1,0.6172106824925816,33,0.6363636363636364,0.6666666666666666,3.090909090909091,32.9048091224591,0.255825483391175,65.03991075855231,0.5394149727317799
East,2016-01-11,1575.917,365.874,7,0.1,0.23216578030441962,2,0.6172106824925816,57,0.47368421052631576,0.7368421052631579,3.0,32.9048091224591,0.255825483391175,65.03991075855231,0.5394149727317799
East,2016-01-18,1871.758,457.5879,4,0.1142857142857143,0.24446958420906975,3,0.6172106824925816,43,0.5581395348837209,0.6744186046511628,2.4285714285714284,32.9048091224591,0.255825483391175,65.03991075855231,0.5394149727317799
East,2016-01-25,882.072,-54.17419999999999,3,0.08571428571428573,-0.0614169818336825,4,0.6172106824925816,46,0.4782608695652174,0.6739130434782609,3.066666666666667,32.9048091224591,0.255825483391175,65.03991075855231,0.5394149727317799
East,2016-02-01,238.792,40.046,3,0.06666666666666667,0.16770243559248216,5,0.6172106824925816,58,0.4827586206896552,0.6724137931034483,2.4210526315789473,32.9048091224591,0.255825483391175,65.03991075855231,0.5394149727317799
East,2016-02-08,573.741,-38.3121,1,0.075,-0.06677594942665768,6,0.6172106824925816,54,0.5925925925925926,0.6851851851851852,2.588235294117647,32.9048091224591,0.255825483391175,65.03991075855231,0.5394149727317799
East,2016-02-15,1914.528,456.7128,7,0.02307692307692308,0.23855112069397785,7,0.6172106824925816,47,0.5106382978723404,0.7446808510638298,3.4166666666666665,32.9048091224591,0.255825483391175,65.03991075855231,0.5394149727317799
East,2016-02-22,311.656,106.9062,4,0.1,0.3430262853915856,8,0.6172106824925816,33,0.42424242424242425,0.7272727272727273,2.888888888888889,32.9048091224591,0.255825483391175,65.03991075855231,0.5394149727317799
East,2016-02-29,7993.377,2662.2827,5,0.17500000000000002,0.33306107043368527,9,0.6172106824925816,58,0.5,0.6379310344827587,2.8095238095238093,32.9048091224591,0.255825483391175,65.03991075855231,0.5394149727317799
East,2016-03-07,4017.221,-692.6365000000001,10,0.22083333333333333,-0.17241682745360537,10,0.6172106824925816,47,0.5106382978723404,0.7659574468085106,3.6363636363636362,32.9048091224591,0.255825483391175,65.03991075855231,0.5394149727317799
East,2016-03-14,2416.706,735.2843,6,0.04,0.3042506204726599,11,0.6172106824925816,29,0.4827586206896552,0.7586206896551724,3.0,32.9048091224591,0.255825483391175,65.03991075855231,0.5394149727317799
East,2016-03-21,839.596,-203.28959999999998,3,0.175,-0.24212788055207501,12,0.6172106824925816,57,0.5087719298245614,0.7719298245614035,3.4615384615384617,32.9048091224591,0.255825483391175,65.03991075855231,0.5394149727317799
East,2016-03-28,3788.653,337.2111,10,0.13333333333333333,0.08900553837999943,13,0.6172106824925816,40,0.6,0.675,3.1538461538461537,32.9048091224591,0.255825483391175,65.03991075855231,0.5394149727317799
East,2016-04-04,4333.012,472.04150000000004,11,0.1631578947368421,0.10894073222045082,14,0.6172106824925816,43,0.4883720930232558,0.6744186046511628,2.7142857142857144,32.9048091224591,0.255825483391175,65.03991075855231,0.5394149727317799
East,2016-04-11,9160.25,2392.9378,2,0.0,0.26123062143500453,15,0.6172106824925816,45,0.4222222222222222,0.7333333333333333,3.3333333333333335,32.9048091224591,0.255825483391175,65.03991075855231,0.5394149727317799
East,2016-04-18,1616.336,259.5481,6,0.07777777777777778,0.1605780605022718,16,0.6172106824925816,41,0.3902439024390244,0.6829268292682927,3.4615384615384617,32.9048091224591,0.255825483391175,65.03991075855231,0.5394149727317799
East,2016-04-25,550.778,27.634600000000006,3,0.42000000000000004,0.05017375421676248,17,0.6172106824925816,44,0.5909090909090909,0.7272727272727273,2.75,32.9048091224591,0.255825483391175,65.03991075855231,0.5394149727317799
East,2016-05-02,7734.152999999999,1416.5319,7,0.14814814814814814,0.1831528158287016,18,0.6172106824925816,54,0.5185185185185185,0.6481481481481481,3.1578947368421053,32.9048091224591,0.255825483391175,65.03991075855231,0.5394149727317799
East,2016-05-09,1673.432,220.821,8,0.16,0.13195696030672294,19,0.6172106824925816,54,0.6111111111111112,0.7037037037037037,3.3125,32.9048091224591,0.255825483391175,65.03991075855231,0.5394149727317799
East,2016-05-16,3300.8599999999997,567.5467,5,0.03125,0.1719390401289361,20,0.6172106824925816,37,0.6216216216216216,0.6756756756756757,3.0833333333333335,32.9048091224591,0.255825483391175,65.03991075855231,0.5394149727317799
East,2016-05-23,8730.078000000001,1157.3426,5,0.19166666666666665,0.13256956008869564,21,0.6172106824925816,49,0.3877551020408163,0.673469387755102,3.1875,32.9048091224591,0.255825483391175,65.03991075855231,0.5394149727317799
East,2016-05-30,3296.886,636.7483,7,0.1142857142857143,0.19313628072065578,22,0.6172106824925816,33,0.36363636363636365,0.7575757575757576,2.875,32.9048091224591,0.255825483391175,65.03991075855231,0.5394149727317799
East,2016-06-06,2307.4139999999998,617.0409999999999,9,0.05333333333333334,0.26741668378539785,23,0.6172106824925816,41,0.4146341463414634,0.6829268292682927,2.5384615384615383,32.9048091224591,0.255825483391175,65.03991075855231,0.5394149727317799
East,2016-06-13,2502.734,36.085699999999974,8,0.13333333333333333,0.014418511915369343,24,0.6172106824925816,41,0.5853658536585366,0.6585365853658537,2.857142857142857,32.9048091224591,0.255825483391175,65.03991075855231,0.5394149727317799
East,2016-06-20,4305.272,302.615,10,0.12399999999999999,0.07028940331760689,25,0.6172106824925816,45,0.4222222222222222,0.6444444444444445,2.875,32.9048091224591,0.255825483391175,65.03991075855231,0.5394149727317799
East,2016-06-27,1443.07,466.369,4,0.02,0.3231783627959836,26,0.6172106824925816,52,0.4807692307692308,0.6730769230769231,2.5294117647058822,32.9048091224591,0.255825483391175,65.03991075855231,0.5394149727317799
East,2016-07-04,1013.4459999999999,-247.89639999999997,4,0.35,-0.24460740878152362,27,0.6172106824925816,41,0.5121951219512195,0.7317073170731707,3.090909090909091,32.9048091224591,0.255825483391175,65.03991075855231,0.5394149727317799
East,2016-07-11,2224.644,291.126,7,0.125,0.13086408432090707,28,0.6172106824925816,38,0.47368421052631576,0.7105263157894737,3.4545454545454546,32.9048091224591,0.255825483391175,65.03991075855231,0.5394149727317799
East,2016-07-18,993.563,162.929,7,0.19375,0.16398456866851926,29,0.6172106824925816,53,0.5471698113207547,0.6415094339622641,2.8947368421052633,32.9048091224591,0.255825483391175,65.03991075855231,0.5394149727317799
East,2016-07-25,3325.334,-788.0665,4,0.3666666666666667,-0.2369886754232808,30,0.6172106824925816,40,0.6,0.7,2.9166666666666665,32.9048091224591,0.255825483391175,65.03991075855231,0.5394149727317799
East,2016-08-01,128.53199999999998,52.1712,3,0.06666666666666667,0.40590047614601815,31,0.6172106824925816,53,0.5283018867924528,0.8301886792452831,2.6666666666666665,32.9048091224591,0.255825483391175,65.03991075855231,0.5394149727317799
East,2016-08-08,2770.288,158.0984,4,0.24285714285714288,0.057069301097936384,32,0.6172106824925816,43,0.46511627906976744,0.7674418604651163,2.4,32.9048091224591,0.255825483391175,65.03991075855231,0.5394149727317799
East,2016-08-15,2232.568,-10.790999999999961,5,0.15714285714285717,-0.004833447402273956,33,0.6172106824925816,57,0.40350877192982454,0.7543859649122807,3.4285714285714284,32.9048091224591,0.255825483391175,65.03991075855231,0.5394149727317799
East,2016-08-22,2393.899,658.8536,7,0.15,0.2752219705175532,34,0.6172106824925816,42,0.4523809523809524,0.5952380952380952,2.823529411764706,32.9048091224591,0.255825483391175,65.03991075855231,0.5394149727317799
East,2016-08-29,9188.694,694.4592,13,0.175,0.07557757391855688,35,0.6172106824925816,37,0.6756756756756757,0.7297297297297297,3.8,32.9048091224591,0.255825483391175,65.03991075855231,0.5394149727317799
East,2016-09-05,3484.334,54.35850000000001,13,0.2391304347826087,0.015600829312000518,36,0.6172106824925816,52,0.4423076923076923,0.6153846153846154,2.95,32.9048091224591,0.255825483391175,65.03991075855231,0.5394149727317799
East,2016-09-12,4085.094,1106.6097,11,0.11764705882352941,0.2708896539467635,37,0.6172106824925816,47,0.5957446808510638,0.7659574468085106,3.0,32.9048091224591,0.255825483391175,65.03991075855231,0.5394149727317799
East,2016-09-19,4701.277,889.0154,14,0.14782608695652175,0.1891008336671079,38,0.6172106824925816,40,0.4,0.425,2.9565217391304346,32.9048091224591,0.255825483391175,65.03991075855231,0.5394149727317799
East,2016-09-26,934.7909999999999,-122.1687,5,0.3,-0.13069092449542197,39,0.6172106824925816,45,0.4666666666666667,0.6666666666666666,2.8666666666666667,32.9048091224591,0.255825483391175,65.03991075855231,0.5394149727317799
East,2016-10-03,6768.946,2676.9238,6,0.15555555555555556,0.3954712890308181,40,0.6172106824925816,37,0.35135135135135137,0.5945945945945946,3.1333333333333333,32.9048091224591,0.255825483391175,65.03991075855231,0.5394149727317799
East,2016-10-10,1625.742,389.7803,3,0.05,0.23975532403050423,41,0.6172106824925816,42,0.42857142857142855,0.6428571428571429,2.7333333333333334,32.9048091224591,0.255825483391175,65.03991075855231,0.5394149727317799
East,2016-10-17,3005.19,385.92740000000003,8,0.08333333333333333,0.12842029954844786,42,0.6172106824925816,45,0.4444444444444444,0.7111111111111111,2.3846153846153846,32.9048091224591,0.255825483391175,65.03991075855231,0.5394149727317799
East,2016-10-24,2780.724,342.1769,7,0.03125,0.12305316888695174,43,0.6172106824925816,45,0.3333333333333333,0.7333333333333333,2.9166666666666665,32.9048091224591,0.255825483391175,65.03991075855231,0.5394149727317799
East,2016-10-31,1058.978,-29.106,3,0.3,-0.02748499024531199,44,0.6172106824925816,43,0.5116279069767442,0.6046511627906976,2.8823529411764706,32.9048091224591,0.255825483391175,65.03991075855231,0.5394149727317799
East,2016-11-07,10121.764,1438.0158999999999,14,0.1418604651162791,0.14207166853524741,45,0.6172106824925816,43,0.5116279069767442,0.7209302325581395,2.9166666666666665,32.9048091224591,0.255825483391175,65.03991075855231,0.5394149727317799
East,2016-11-14,3123.085,451.53679999999997,12,0.16538461538461538,0.14458037485371034,46,0.6172106824925816,61,0.5409836065573771,0.6885245901639344,2.5789473684210527,32.9048091224591,0.255825483391175,65.03991075855231,0.5394149727317799
East,2016-11-21,8423.849,-6611.5697,18,0.18,-0.7848632733089114,47,0.6172106824925816,40,0.5,0.65,3.5714285714285716,32.9048091224591,0.255825483391175,65.03991075855231,0.5394149727317799
East,2016-11-28,9161.677,1695.6229999999998,12,0.12285714285714285,0.18507779743817643,48,0.6172106824925816,48,0.5208333333333334,0.6666666666666666,2.875,32.9048091224591,0.255825483391175,65.03991075855231,0.5394149727317799
East,2016-12-05,6111.223,1247.8256,15,0.11851851851851852,0.20418590517806337,49,0.6172106824925816,31,0.4838709677419355,0.6129032258064516,3.5833333333333335,32.9048091224591,0.255825483391175,65.03991075855231,0.5394149727317799
East,2016-12-12,3688.719,1288.6107,7,0.11999999999999998,0.3493382662111155,50,0.6172106824925816,52,0.4230769230769231,0.5576923076923077,3.260869565217391,32.9048091224591,0.255825483391175,65.03991075855231,0.5394149727317799
East,2016-12-19,8675.819,1160.9227,12,0.18000000000000002,0.13381130934151578,51,0.6172106824925816,61,0.4098360655737705,0.6229508196721312,3.4347826086956523,32.9048091224591,0.255825483391175,65.03991075855231,0.5394149727317799
East,2016-12-26,803.906,38.292300000000004,10,0.15833333333333335,0.04763280781583917,52,0.6172106824925816,30,0.36666666666666664,0.6,2.4166666666666665,32.9048091224591,0.255825483391175,65.03991075855231,0.5394149727317799
East,2017-01-09,2323.495,128.70769999999996,4,0.18333333333333335,0.055394007734038575,2,0.6172106824925816,57,0.47368421052631576,0.7368421052631579,3.0,32.9048091224591,0.255825483391175,65.03991075855231,0.5394149727317799
East,2017-01-16,2219.081,56.6345,4,0.12,0.0255216010591772,3,0.6172106824925816,43,0.5581395348837209,0.6744186046511628,2.4285714285714284,32.9048091224591,0.255825483391175,65.03991075855231,0.5394149727317799
East,2017-01-23,791.812,161.9704,5,0.14285714285714285,0.2045566371815532,4,0.6172106824925816,46,0.4782608695652174,0.6739130434782609,3.066666666666667,32.9048091224591,0.255825483391175,65.03991075855231,0.5394149727317799
East,2017-01-30,483.18100000000004,64.34819999999999,3,0.2833333333333333,0.13317618035477385,5,0.6172106824925816,58,0.4827586206896552,0.6724137931034483,2.4210526315789473,32.9048091224591,0.255825483391175,65.03991075855231,0.5394149727317799
East,2017-02-06,705.8720000000001,129.243,5,0.10000000000000002,0.18309693542171948,6,0.6172106824925816,54,0.5925925925925926,0.6851851851851852,2.588235294117647,32.9048091224591,0.255825483391175,65.03991075855231,0.5394149727317799
East,2017-02-13,2313.173,43.24480000000001,6,0.15384615384615385,0.018695013299913157,7,0.6172106824925816,47,0.5106382978723404,0.7446808510638298,3.4166666666666665,32.9048091224591,0.255825483391175,65.03991075855231,0.5394149727317799
East,2017-02-20,1448.676,249.3929,2,0.3666666666666667,0.17215229630365936,8,0.6172106824925816,33,0.42424242424242425,0.7272727272727273,2.888888888888889,32.9048091224591,0.255825483391175,65.03991075855231,0.5394149727317799
East,2017-02-27,663.628,173.579,3,0.09999999999999999,0.2615606936416185,9,0.6172106824925816,58,0.5,0.6379310344827587,2.8095238095238093,32.9048091224591,0.255825483391175,65.03991075855231,0.5394149727317799
East,2017-03-06,1558.366,-85.98329999999999,8,0.19411764705882353,-0.05517529258210201,10,0.6172106824925816,47,0.5106382978723404,0.7659574468085106,3.6363636363636362,32.9048091224591,0.255825483391175,65.03991075855231,0.5394149727317799
East,2017-03-13,2292.325,425.0146,8,0.10454545454545454,0.18540765380127164,11,0.6172106824925816,29,0.4827586206896552,0.7586206896551724,3.0,32.9048091224591,0.255825483391175,65.03991075855231,0.5394149727317799
East,2017-03-20,2315.184,444.6859,9,0.042857142857142864,0.19207367535366518,12,0.6172106824925816,57,0.5087719298245614,0.7719298245614035,3.4615384615384617,32.9048091224591,0.255825483391175,65.03991075855231,0.5394149727317799
East,2017-03-27,942.123,261.2656,6,0.11249999999999999,0.2773158069593885,13,0.6172106824925816,40,0.6,0.675,3.1538461538461537,32.9048091224591,0.255825483391175,65.03991075855231,0.5394149727317799
East,2017-04-03,3947.892,813.9679,7,0.06874999999999999,0.20617785390279167,14,0.6172106824925816,43,0.4883720930232558,0.6744186046511628,2.7142857142857144,32.9048091224591,0.255825483391175,65.03991075855231,0.5394149727317799
East,2017-04-10,1213.762,230.3689,10,0.15000000000000002,0.18979742321806087,15,0.6172106824925816,45,0.4222222222222222,0.7333333333333333,3.3333333333333335,32.9048091224591,0.255825483391175,65.03991075855231,0.5394149727317799
East,2017-04-17,2998.1800000000003,320.9714,8,0.22666666666666666,0.10705541361759467,16,0.6172106824925816,41,0.3902439024390244,0.6829268292682927,3.4615384615384617,32.9048091224591,0.255825483391175,65.03991075855231,0.5394149727317799
East,2017-04-24,2017.022,-188.0081,9,0.2846153846153846,-0.09321073344762726,17,0.6172106824925816,44,0.5909090909090909,0.7272727272727273,2.75,32.9048091224591,0.255825483391175,65.03991075855231,0.5394149727317799
East,2017-05-01,714.2270000000001,-129.65849999999998,6,0.3909090909090909,-0.18153682232679522,18,0.6172106824925816,54,0.5185185185185185,0.6481481481481481,3.1578947368421053,32.9048091224591,0.255825483391175,65.03991075855231,0.5394149727317799
East,2017-05-08,2367.24,315.4976,12,0.10434782608695652,0.13327655835487742,19,0.6172106824925816,54,0.6111111111111112,0.7037037037037037,3.3125,32.9048091224591,0.255825483391175,65.03991075855231,0.5394149727317799
East,2017-05-15,1701.99,342.176,5,0.06666666666666668,0.201044659486836,20,0.6172106824925816,37,0.6216216216216216,0.6756756756756757,3.0833333333333335,32.9048091224591,0.255825483391175,65.03991075855231,0.5394149727317799
East,2017-05-22,1335.912,315.899,4,0.1,0.23646692297097413,21,0.6172106824925816,49,0.3877551020408163,0.673469387755102,3.1875,32.9048091224591,0.255825483391175,65.03991075855231,0.5394149727317799
East,2017-05-29,1071.3400000000001,-157.9948,5,0.27,-0.14747400451770679,22,0.6172106824925816,33,0.36363636363636365,0.7575757575757576,2.875,32.9048091224591,0.255825483391175,65.03991075855231,0.5394149727317799
East,2017-06-05,72.922,24.9949,4,0.05,0.34276212939853545,23,0.6172106824925816,41,0.4146341463414634,0.6829268292682927,2.5384615384615383,32.9048091224591,0.255825483391175,65.03991075855231,0.5394149727317799
East,2017-06-12,5028.18,1978.5839999999998,4,0.1,0.3934990394138634,24,0.6172106824925816,41,0.5853658536585366,0.6585365853658537,2.857142857142857,32.9048091224591,0.255825483391175,65.03991075855231,0.5394149727317799
East,2017-06-19,3371.4230000000002,486.5193,13,0.17307692307692307,0.14430681050701735,25,0.6172106824925816,45,0.4222222222222222,0.6444444444444445,2.875,32.9048091224591,0.255825483391175,65.03991075855231,0.5394149727317799
East,2017-06-26,5617.360000000001,769.6564,9,0.09375,0.13701389976786246,26,0.6172106824925816,52,0.4807692307692308,0.6730769230769231,2.5294117647058822,32.9048091224591,0.255825483391175,65.03991075855231,0.5394149727317799
East,2017-07-03,3660.276,498.9124,10,0.1285714285714286,0.13630458468159232,27,0.6172106824925816,41,0.5121951219512195,0.7317073170731707,3.090909090909091,32.9048091224591,0.255825483391175,65.03991075855231,0.5394149727317799
East,2017-07-10,4015.509,-100.08439999999997,7,0.1611111111111111,-0.024924461631140652,28,0.6172106824925816,38,0.47368421052631576,0.7105263157894737,3.4545454545454546,32.9048091224591,0.255825483391175,65.03991075855231,0.5394149727317799
East,2017-07-17,2167.094,250.0532,10,0.15000000000000002,0.11538641148007424,29,0.6172106824925816,53,0.5471698113207547,0.6415094339622641,2.8947368421052633,32.9048091224591,0.255825483391175,65.03991075855231,0.5394149727317799
East,2017-07-24,1266.052,106.6314,6,0.19090909090909092,0.08422355479869706,30,0.6172106824925816,40,0.6,0.7,2.9166666666666665,32.9048091224591,0.255825483391175,65.03991075855231,0.5394149727317799
East,2017-07-31,2377.002,716.6923,6,0.08,0.3015110210256449,31,0.6172106824925816,53,0.5283018867924528,0.8301886792452831,2.6666666666666665,32.9048091224591,0.255825483391175,65.03991075855231,0.5394149727317799
East,2017-08-07,2177.264,488.46029999999996,4,0.028571428571428574,0.22434592222165062,32,0.6172106824925816,43,0.46511627906976744,0.7674418604651163,2.4,32.9048091224591,0.255825483391175,65.03991075855231,0.5394149727317799
East,2017-08-14,8449.498,-249.3619999999999,11,0.11875,-0.02951204911818429,33,0.6172106824925816,57,0.40350877192982454,0.7543859649122807,3.4285714285714284,32.9048091224591,0.255825483391175,65.03991075855231,0.5394149727317799
East,2017-08-21,8958.186,1589.0343,10,0.17777777777777778,0.17738349036289267,34,0.6172106824925816,42,0.4523809523809524,0.5952380952380952,2.823529411764706,32.9048091224591,0.255825483391175,65.03991075855231,0.5394149727317799
East,2017-08-28,3342.605,669.2377,7,0.06521739130434782,0.20021441360854783,35,0.6172106824925816,37,0.6756756756756757,0.7297297297297297,3.8,32.9048091224591,0.255825483391175,65.03991075855231,0.5394149727317799
East,2017-09-04,4203.379,-150.00859999999997,18,0.26,-0.03568762179189647,36,0.6172106824925816,52,0.4423076923076923,0.6153846153846154,2.95,32.9048091224591,0.255825483391175,65.03991075855231,0.5394149727317799
East,2017-09-11,7084.7609999999995,965.6518,15,0.15384615384615385,0.1362998413072791,37,0.6172106824925816,47,0.5957446808510638,0.7659574468085106,3.0,32.9048091224591,0.255825483391175,65.03991075855231,0.5394149727317799
East,2017-09-18,15862.860999999999,897.6171,13,0.12580645161290321,0.05658607863991244,38,0.6172106824925816,40,0.4,0.425,2.9565217391304346,32.9048091224591,0.255825483391175,65.03991075855231,0.5394149727317799
East,2017-09-25,3636.79,878.0544000000001,12,0.1826086956521739,0.2414366515526055,39,0.6172106824925816,45,0.4666666666666667,0.6666666666666666,2.8666666666666667,32.9048091224591,0.255825483391175,65.03991075855231,0.5394149727317799
East,2017-10-02,7427.658,1813.4729000000002,12,0.02,0.24415137315153715,40,0.6172106824925816,37,0.35135135135135137,0.5945945945945946,3.1333333333333333,32.9048091224591,0.255825483391175,65.03991075855231,0.5394149727317799
East,2017-10-09,4421.846,403.4886,9,0.10555555555555557,0.09124890373839344,41,0.6172106824925816,42,0.42857142857142855,0.6428571428571429,2.7333333333333334,32.9048091224591,0.255825483391175,65.03991075855231,0.5394149727317799
East,2017-10-16,16529.892,4725.4312,11,0.17826086956521742,0.28587187381502555,42,0.6172106824925816,45,0.4444444444444444,0.7111111111111111,2.3846153846153846,32.9048091224591,0.255825483391175,65.03991075855231,0.5394149727317799
East,2017-10-23,1739.442,-22.141900000000003,7,0.16666666666666666,-0.012729312043747365,43,0.6172106824925816,45,0.3333333333333333,0.7333333333333333,2.9166666666666665,32.9048091224591,0.255825483391175,65.03991075855231,0.5394149727317799
East,2017-10-30,3647.937,-3.3792999999999935,10,0.18,-0.0009263591997339849,44,0.6172106824925816,43,0.5116279069767442,0.6046511627906976,2.8823529411764706,32.9048091224591,0.255825483391175,65.03991075855231,0.5394149727317799
East,2017-11-06,7172.088,1498.6744,18,0.11600000000000002,0.2089592877276464,45,0.6172106824925816,43,0.5116279069767442,0.7209302325581395,2.9166666666666665,32.9048091224591,0.255825483391175,65.03991075855231,0.5394149727317799
East,2017-11-13,18361.874,5730.802199999999,24,0.17941176470588235,0.3121033397789354,46,0.6172106824925816,61,0.5409836065573771,0.6885245901639344,2.5789473684210527,32.9048091224591,0.255825483391175,65.03991075855231,0.5394149727317799
East,2017-11-20,5947.598,1238.7272,14,0.1310344827586207,0.20827352487508402,47,0.6172106824925816,40,0.5,0.65,3.5714285714285716,32.9048091224591,0.255825483391175,65.03991075855231,0.5394149727317799
East,2017-11-27,15188.361,1141.2083,19,0.1511627906976744,0.07513702762266448,48,0.6172106824925816,48,0.5208333333333334,0.6666666666666666,2.875,32.9048091224591,0.255825483391175,65.03991075855231,0.5394149727317799
East,2017-12-04,4429.461,594.8798,22,0.16,0.13430071965866727,49,0.6172106824925816,31,0.4838709677419355,0.6129032258064516,3.5833333333333335,32.9048091224591,0.255825483391175,65.03991075855231,0.5394149727317799
East,2017-12-11,3691.868,944.0454,10,0.0761904761904762,0.255709413229292,50,0.6172106824925816,52,0.4230769230769231,0.5576923076923077,3.260869565217391,32.9048091224591,0.255825483391175,65.03991075855231,0.5394149727317799
East,2017-12-18,6222.1089999999995,1392.6011,16,0.11612903225806452,0.22381496370442888,51,0.6172106824925816,61,0.4098360655737705,0.6229508196721312,3.4347826086956523,32.9048091224591,0.255825483391175,65.03991075855231,0.5394149727317799
East,2017-12-25,1538.231,28.227499999999996,9,0.2,0.01835062484113244,52,0.6172106824925816,30,0.36666666666666664,0.6,2.4166666666666665,32.9048091224591,0.255825483391175,65.03991075855231,0.5394149727317799
South,2014-01-06,4442.490000000001,1371.3749,3,0.0,0.3086951011707398,2,0.435546875,35,0.42857142857142855,0.5428571428571428,2.5,32.0573476702509,0.28225806451612906,63.308826164874546,0.5510752688172043
South,2014-01-13,1983.15,479.8956,3,0.0,0.24198653657060737,3,0.435546875,28,0.5,0.7857142857142857,3.3333333333333335,32.0573476702509,0.28225806451612906,63.308826164874546,0.5510752688172043
South,2014-01-20,2896.452,495.3935,4,0.05999999999999999,0.17103459681016636,4,0.435546875,36,0.5,0.6111111111111112,3.2142857142857144,32.0573476702509,0.28225806451612906,63.308826164874546,0.5510752688172043
South,2014-01-27,199.296,1.347999999999999,1,0.44999999999999996,0.006763808606294151,5,0.435546875,27,0.48148148148148145,0.7037037037037037,3.375,32.0573476702509,0.28225806451612906,63.308826164874546,0.5510752688172043
South,2014-02-03,321.56,91.2541,1,0.0,0.2837856076626446,6,0.435546875,28,0.4642857142857143,0.6785714285714286,2.7777777777777777,32.0573476702509,0.28225806451612906,63.308826164874546,0.5510752688172043
South,2014-02-10,1508.13,186.7374,1,0.0,0.12382049292832846,7,0.435546875,34,0.4117647058823529,0.6764705882352942,3.272727272727273,32.0573476702509,0.28225806451612906,63.308826164874546,0.5510752688172043
South,2014-03-03,389.908,23.4826,3,0.13333333333333333,0.0602260020312484,10,0.435546875,38,0.4473684210526316,0.6578947368421053,2.4615384615384617,32.0573476702509,0.28225806451612906,63.308826164874546,0.5510752688172043
South,2014-03-10,2856.3080000000004,603.9264000000001,5,0.19999999999999998,0.2114360216055131,11,0.435546875,26,0.5384615384615384,0.5769230769230769,3.4545454545454546,32.0573476702509,0.28225806451612906,63.308826164874546,0.5510752688172043
South,2014-03-17,28520.871,-667.7985000000001,8,0.2032258064516129,-0.023414379595910664,12,0.435546875,23,0.4782608695652174,0.782608695652174,4.4,32.0573476702509,0.28225806451612906,63.308826164874546,0.5510752688172043
South,2014-03-31,7274.594,712.4685999999999,7,0.09999999999999999,0.09793929393173006,14,0.435546875,32,0.46875,0.65625,3.272727272727273,32.0573476702509,0.28225806451612906,63.308826164874546,0.5510752688172043
South,2014-04-07,2974.2900000000004,750.7447,5,0.08,0.25241139902296006,15,0.435546875,27,0.5555555555555556,0.6666666666666666,3.3333333333333335,32.0573476702509,0.28225806451612906,63.308826164874546,0.5510752688172043
South,2014-04-14,168.402,70.6854,2,0.06666666666666667,0.4197420458189333,16,0.435546875,27,0.6296296296296297,0.7407407407407407,3.5714285714285716,32.0573476702509,0.28225806451612906,63.308826164874546,0.5510752688172043
South,2014-04-21,1131.216,37.797,2,0.1,0.03341271693469682,17,0.435546875,15,0.4,0.6666666666666666,3.4,32.0573476702509,0.28225806451612906,63.308826164874546,0.5510752688172043
South,2014-04-28,2260.1279999999997,457.0428,5,0.07500000000000001,0.2022198742726076,18,0.435546875,19,0.47368421052631576,0.42105263157894735,3.3636363636363638,32.0573476702509,0.28225806451612906,63.308826164874546,0.5510752688172043
South,2014-05-05,246.57,90.4802,3,0.0,0.36695542847872814,19,0.435546875,33,0.42424242424242425,0.6363636363636364,2.9166666666666665,32.0573476702509,0.28225806451612906,63.308826164874546,0.5510752688172043
South,2014-05-12,716.336,-306.2464,2,0.3666666666666667,-0.4275178128699381,20,0.435546875,24,0.4583333333333333,0.6666666666666666,3.625,32.0573476702509,0.28225806451612906,63.308826164874546,0.5510752688172043
South,2014-05-19,3549.0299999999997,1505.3337000000001,3,0.0,0.4241535574509092,21,0.435546875,23,0.4782608695652174,0.8695652173913043,4.666666666666667,32.0573476702509,0.28225806451612906,63.308826164874546,0.5510752688172043
South,2014-05-26,1691.45,475.5055,3,0.0,0.28112300097549436,22,0.435546875,26,0.5384615384615384,0.6153846153846154,2.7,32.0573476702509,0.28225806451612906,63.308826164874546,0.5510752688172043
South,2014-06-02,839.203,209.14499999999998,3,0.18333333333333332,0.24921860384197864,23,0.435546875,24,0.5,0.7916666666666666,2.0,32.0573476702509,0.28225806451612906,63.308826164874546,0.5510752688172043
South,2014-06-09,1441.3,245.021,1,0.0,0.16999999999999998,24,0.435546875,20,0.55,0.55,3.4444444444444446,32.0573476702509,0.28225806451612906,63.308826164874546,0.5510752688172043
South,2014-06-16,425.66999999999996,98.92980000000001,1,0.0,0.2324096130805554,25,0.435546875,29,0.4482758620689655,0.7586206896551724,3.5714285714285716,32.0573476702509,0.28225806451612906,63.308826164874546,0.5510752688172043
South,2014-06-23,639.26,78.2058,2,0.08,0.12233801583080436,26,0.435546875,21,0.2857142857142857,0.5238095238095238,2.7,32.0573476702509,0.28225806451612906,63.308826164874546,0.5510752688172043
South,2014-06-30,1690.176,389.9328,6,0.19999999999999998,0.23070544132682042,27,0.435546875,30,0.4666666666666667,0.6,2.5833333333333335,32.0573476702509,0.28225806451612906,63.308826164874546,0.5510752688172043
South,2014-07-21,256.47999999999996,104.14150000000001,1,0.0,0.40604140673736755,30,0.435546875,27,0.48148148148148145,0.8148148148148148,3.8,32.0573476702509,0.28225806451612906,63.308826164874546,0.5510752688172043
South,2014-07-28,396.048,92.3432,2,0.2,0.23316163697329614,31,0.435546875,31,0.6774193548387096,0.7741935483870968,3.2857142857142856,32.0573476702509,0.28225806451612906,63.308826164874546,0.5510752688172043
South,2014-08-04,412.30199999999996,42.616,3,0.15000000000000002,0.10336112849319189,32,0.435546875,32,0.40625,0.71875,3.2222222222222223,32.0573476702509,0.28225806451612906,63.308826164874546,0.5510752688172043
South,2014-08-11,1472.784,412.0386,4,0.1142857142857143,0.2797685200273767,33,0.435546875,18,0.6666666666666666,0.8333333333333334,3.3333333333333335,32.0573476702509,0.28225806451612906,63.308826164874546,0.5510752688172043
South,2014-08-18,2434.212,763.5562,5,0.028571428571428574,0.3136769517198995,34,0.435546875,27,0.6296296296296297,0.6296296296296297,2.8,32.0573476702509,0.28225806451612906,63.308826164874546,0.5510752688172043
South,2014-08-25,2534.4125,51.11180000000001,3,0.19285714285714284,0.020167119598723575,35,0.435546875,23,0.34782608695652173,0.8260869565217391,3.25,32.0573476702509,0.28225806451612906,63.308826164874546,0.5510752688172043
South,2014-09-01,1825.964,845.1696000000001,2,0.1,0.4628621374791617,36,0.435546875,29,0.5862068965517241,0.5862068965517241,2.25,32.0573476702509,0.28225806451612906,63.308826164874546,0.5510752688172043
South,2014-09-08,2068.21,-338.88199999999995,8,0.15714285714285717,-0.16385280024755705,37,0.435546875,25,0.48,0.76,2.8333333333333335,32.0573476702509,0.28225806451612906,63.308826164874546,0.5510752688172043
South,2014-09-15,2747.753,-921.561,3,0.26,-0.3353871326862349,38,0.435546875,16,0.4375,0.5,3.625,32.0573476702509,0.28225806451612906,63.308826164874546,0.5510752688172043
South,2014-09-22,448.64000000000004,53.5488,3,0.2,0.11935805991440798,39,0.435546875,30,0.3333333333333333,0.6333333333333333,3.4545454545454546,32.0573476702509,0.28225806451612906,63.308826164874546,0.5510752688172043
South,2014-09-29,152.528,21.7728,3,0.2,0.14274624986887655,40,0.435546875,24,0.6666666666666666,0.7083333333333334,2.2857142857142856,32.0573476702509,0.28225806451612906,63.308826164874546,0.5510752688172043
South,2014-10-06,128.47,43.417100000000005,3,0.1,0.33795516462987474,41,0.435546875,22,0.6363636363636364,0.8636363636363636,2.0,32.0573476702509,0.28225806451612906,63.308826164874546,0.5510752688172043
South,2014-10-13,3227.264,629.2831,4,0.022222222222222223,0.1949896568734383,42,0.435546875,28,0.6071428571428571,0.7142857142857143,3.5,32.0573476702509,0.28225806451612906,63.308826164874546,0.5510752688172043
South,2014-10-20,1367.94,-31.6729,5,0.1,-0.023153720192406097,43,0.435546875,33,0.5454545454545454,0.5757575757575758,3.0714285714285716,32.0573476702509,0.28225806451612906,63.308826164874546,0.5510752688172043
South,2014-10-27,1941.84,396.70570000000004,4,0.15555555555555556,0.20429371111935074,44,0.435546875,22,0.36363636363636365,0.5,3.1818181818181817,32.0573476702509,0.28225806451612906,63.308826164874546,0.5510752688172043
South,2014-11-03,1851.003,-227.432,6,0.2090909090909091,-0.12286960096769158,45,0.435546875,30,0.6666666666666666,0.8,1.8333333333333333,32.0573476702509,0.28225806451612906,63.308826164874546,0.5510752688172043
South,2014-11-10,402.448,53.8352,3,0.16,0.13376933169005686,46,0.435546875,23,0.34782608695652173,0.7391304347826086,3.1666666666666665,32.0573476702509,0.28225806451612906,63.308826164874546,0.5510752688172043
South,2014-11-17,2580.98,968.6175000000001,4,0.0,0.37529058729629833,47,0.435546875,31,0.5161290322580645,0.7419354838709677,3.75,32.0573476702509,0.28225806451612906,63.308826164874546,0.5510752688172043
South,2014-11-24,674.802,159.2791,4,0.09999999999999999,0.23603827493101678,48,0.435546875,26,0.5,0.6538461538461539,3.0,32.0573476702509,0.28225806451612906,63.308826164874546,0.5510752688172043
South,2014-12-01,289.446,86.7262,5,0.06666666666666667,0.299628255356785,49,0.435546875,28,0.32142857142857145,0.7857142857142857,2.8333333333333335,32.0573476702509,0.28225806451612906,63.308826164874546,0.5510752688172043
South,2014-12-08,222.166,27.4245,3,0.13333333333333333,0.12344148069461573,50,0.435546875,19,0.5263157894736842,0.5789473684210527,2.875,32.0573476702509,0.28225806451612906,63.308826164874546,0.5510752688172043
South,2014-12-15,7053.897,1044.5143,9,0.17368421052631577,0.14807620525221732,51,0.435546875,28,0.6428571428571429,0.6785714285714286,2.2222222222222223,32.0573476702509,0.28225806451612906,63.308826164874546,0.5510752688172043
South,2014-12-22,1151.336,210.7106,3,0.15000000000000002,0.18301399417719935,52,0.435546875,19,0.5789473684210527,0.3684210526315789,3.3333333333333335,32.0573476702509,0.28225806451612906,63.308826164874546,0.5510752688172043
South,2014-12-29,231.348,60.3954,2,0.1,0.26105866486850976,1,0.435546875,14,0.7857142857142857,0.6428571428571429,3.2,32.0573476702509,0.28225806451612906,63.308826164874546,0.5510752688172043
South,2015-01-05,364.07,131.0797,1,0.0,0.36003982750569946,2,0.435546875,35,0.42857142857142855,0.5428571428571428,2.5,32.0573476702509,0.28225806451612906,63.308826164874546,0.5510752688172043
South,2015-01-12,98.78,14.819799999999999,2,0.1,0.1500283458189917,3,0.435546875,28,0.5,0.7857142857142857,3.3333333333333335,32.0573476702509,0.28225806451612906,63.308826164874546,0.5510752688172043
South,2015-01-19,13.12,2.132,1,0.2,0.1625,4,0.435546875,36,0.5,0.6111111111111112,3.2142857142857144,32.0573476702509,0.28225806451612906,63.308826164874546,0.5510752688172043
South,2015-01-26,4297.644,-1862.3124,1,0.4,-0.4333333333333333,5,0.435546875,27,0.48148148148148145,0.7037037037037037,3.375,32.0573476702509,0.28225806451612906,63.308826164874546,0.5510752688172043
South,2015-02-02,575.26,204.0049,3,0.0,0.35463077564927165,6,0.435546875,28,0.4642857142857143,0.6785714285714286,2.7777777777777777,32.0573476702509,0.28225806451612906,63.308826164874546,0.5510752688172043
South,2015-02-16,29.99,2.999,1,0.0,0.1,8,0.435546875,23,0.5652173913043478,0.7391304347826086,3.6666666666666665,32.0573476702509,0.28225806451612906,63.308826164874546,0.5510752688172043
South,2015-02-23,609.984,42.577600000000004,2,0.13333333333333333,0.06980117511278984,9,0.435546875,24,0.5416666666666666,0.7083333333333334,2.5714285714285716,32.0573476702509,0.28225806451612906,63.308826164874546,0.5510752688172043
South,2015-03-09,55.624,11.6684,3,0.2,0.2097727599597296,11,0.435546875,26,0.5384615384615384,0.5769230769230769,3.4545454545454546,32.0573476702509,0.28225806451612906,63.308826164874546,0.5510752688172043
South,2015-03-16,8814.487,3744.9536,6,0.13076923076923078,0.4248634775909251,12,0.435546875,23,0.4782608695652174,0.782608695652174,4.4,32.0573476702509,0.28225806451612906,63.308826164874546,0.5510752688172043
South,2015-03-23,1313.304,171.2439,5,0.10000000000000002,0.1303916686464063,13,0.435546875,21,0.5714285714285714,0.5714285714285714,3.7777777777777777,32.0573476702509,0.28225806451612906,63.308826164874546,0.5510752688172043
South,2015-03-30,237.75400000000002,-87.72959999999999,2,0.44999999999999996,-0.36899316099834273,14,0.435546875,32,0.46875,0.65625,3.272727272727273,32.0573476702509,0.28225806451612906,63.308826164874546,0.5510752688172043
South,2015-04-06,169.84,40.6014,2,0.20000000000000004,0.2390567593028733,15,0.435546875,27,0.5555555555555556,0.6666666666666666,3.3333333333333335,32.0573476702509,0.28225806451612906,63.308826164874546,0.5510752688172043
South,2015-04-13,2405.3999999999996,439.4798,2,0.0,0.1827054959674067,16,0.435546875,27,0.6296296296296297,0.7407407407407407,3.5714285714285716,32.0573476702509,0.28225806451612906,63.308826164874546,0.5510752688172043
South,2015-04-20,2985.2995,403.00149999999996,4,0.10416666666666667,0.13499533296407948,17,0.435546875,15,0.4,0.6666666666666666,3.4,32.0573476702509,0.28225806451612906,63.308826164874546,0.5510752688172043
South,2015-04-27,277.632,29.748,1,0.20000000000000004,0.10714903181189489,18,0.435546875,19,0.47368421052631576,0.42105263157894735,3.3636363636363638,32.0573476702509,0.28225806451612906,63.308826164874546,0.5510752688172043
South,2015-05-04,94.49000000000001,44.9297,2,0.0,0.47549687797650536,19,0.435546875,33,0.42424242424242425,0.6363636363636364,2.9166666666666665,32.0573476702509,0.28225806451612906,63.308826164874546,0.5510752688172043
South,2015-05-11,273.908,40.7866,2,0.1,0.14890620208245103,20,0.435546875,24,0.4583333333333333,0.6666666666666666,3.625,32.0573476702509,0.28225806451612906,63.308826164874546,0.5510752688172043
South,2015-05-18,356.234,103.2235,2,0.3,0.2897631893642943,21,0.435546875,23,0.4782608695652174,0.8695652173913043,4.666666666666667,32.0573476702509,0.28225806451612906,63.308826164874546,0.5510752688172043
South,2015-05-25,981.4399999999999,210.5636,4,0.17142857142857146,0.21454556569938052,22,0.435546875,26,0.5384615384615384,0.6153846153846154,2.7,32.0573476702509,0.28225806451612906,63.308826164874546,0.5510752688172043
South,2015-06-08,5638.3460000000005,368.12170000000003,8,0.21,0.06528895175996649,24,0.435546875,20,0.55,0.55,3.4444444444444446,32.0573476702509,0.28225806451612906,63.308826164874546,0.5510752688172043
South,2015-06-15,1849.751,350.5005,5,0.15454545454545457,0.18948523341790327,25,0.435546875,29,0.4482758620689655,0.7586206896551724,3.5714285714285716,32.0573476702509,0.28225806451612906,63.308826164874546,0.5510752688172043
South,2015-06-22,1064.07,373.49580000000003,3,0.0,0.3510067946657645,26,0.435546875,21,0.2857142857142857,0.5238095238095238,2.7,32.0573476702509,0.28225806451612906,63.308826164874546,0.5510752688172043
South,2015-06-29,668.648,214.40140000000002,5,0.25,0.32064913078331203,27,0.435546875,30,0.4666666666666667,0.6,2.5833333333333335,32.0573476702509,0.28225806451612906,63.308826164874546,0.5510752688172043
South,2015-07-06,5.16,0.8385,1,0.2,0.1625,28,0.435546875,20,0.4,0.55,3.0,32.0573476702509,0.28225806451612906,63.308826164874546,0.5510752688172043
South,2015-07-13,270.8,24.4604,2,0.1,0.09032644017725258,29,0.435546875,28,0.4642857142857143,0.5714285714285714,3.0833333333333335,32.0573476702509,0.28225806451612906,63.308826164874546,0.5510752688172043
South,2015-07-20,982.99,262.6832,2,0.0,0.2672287612284967,30,0.435546875,27,0.48148148148148145,0.8148148148148148,3.8,32.0573476702509,0.28225806451612906,63.308826164874546,0.5510752688172043
South,2015-07-27,269.66999999999996,105.7677,2,0.0,0.3922115919457115,31,0.435546875,31,0.6774193548387096,0.7741935483870968,3.2857142857142856,32.0573476702509,0.28225806451612906,63.308826164874546,0.5510752688172043
South,2015-08-03,524.638,161.9396,2,0.06666666666666667,0.308669215725891,32,0.435546875,32,0.40625,0.71875,3.2222222222222223,32.0573476702509,0.28225806451612906,63.308826164874546,0.5510752688172043
South,2015-08-10,116.47200000000001,22.9071,3,0.13333333333333333,0.19667473727591178,33,0.435546875,18,0.6666666666666666,0.8333333333333334,3.3333333333333335,32.0573476702509,0.28225806451612906,63.308826164874546,0.5510752688172043
South,2015-08-17,1195.71,382.6225,2,0.0,0.31999606928101293,34,0.435546875,27,0.6296296296296297,0.6296296296296297,2.8,32.0573476702509,0.28225806451612906,63.308826164874546,0.5510752688172043
South,2015-08-24,3747.9300000000003,1605.7021,1,0.0,0.42842371655820677,35,0.435546875,23,0.34782608695652173,0.8260869565217391,3.25,32.0573476702509,0.28225806451612906,63.308826164874546,0.5510752688172043
South,2015-08-31,1331.718,375.7696,7,0.11000000000000001,0.2821690478014114,36,0.435546875,29,0.5862068965517241,0.5862068965517241,2.25,32.0573476702509,0.28225806451612906,63.308826164874546,0.5510752688172043
South,2015-09-07,375.048,54.8555,4,0.18,0.1462626117190333,37,0.435546875,25,0.48,0.76,2.8333333333333335,32.0573476702509,0.28225806451612906,63.308826164874546,0.5510752688172043
South,2015-09-14,4928.044,-246.15040000000008,9,0.14,-0.049948904676987475,38,0.435546875,16,0.4375,0.5,3.625,32.0573476702509,0.28225806451612906,63.308826164874546,0.5510752688172043
South,2015-09-21,7042.677000000001,1498.3479,6,0.16521739130434782,0.2127526081346624,39,0.435546875,30,0.3333333333333333,0.6333333333333333,3.4545454545454546,32.0573476702509,0.28225806451612906,63.308826164874546,0.5510752688172043
South,2015-09-28,400.32,37.8114,2,0.35,0.0944529376498801,40,0.435546875,24,0.6666666666666666,0.7083333333333334,2.2857142857142856,32.0573476702509,0.28225806451612906,63.308826164874546,0.5510752688172043
South,2015-10-05,2937.9195,-689.9732,5,0.27222222222222225,-0.23485095490192975,41,0.435546875,22,0.6363636363636364,0.8636363636363636,2.0,32.0573476702509,0.28225806451612906,63.308826164874546,0.5510752688172043
South,2015-10-12,371.65999999999997,101.18539999999999,1,0.0,0.2722525964591293,42,0.435546875,28,0.6071428571428571,0.7142857142857143,3.5,32.0573476702509,0.28225806451612906,63.308826164874546,0.5510752688172043
South,2015-10-19,88.408,-8.9857,2,0.2,-0.10163899194643018,43,0.435546875,33,0.5454545454545454,0.5757575757575758,3.0714285714285716,32.0573476702509,0.28225806451612906,63.308826164874546,0.5510752688172043
South,2015-10-26,589.3799999999999,135.2071,3,0.0,0.2294056466116937,44,0.435546875,22,0.36363636363636365,0.5,3.1818181818181817,32.0573476702509,0.28225806451612906,63.308826164874546,0.5510752688172043
South,2015-11-02,2985.552,-748.1573000000002,6,0.22142857142857145,-0.25059262072809324,45,0.435546875,30,0.6666666666666666,0.8,1.8333333333333333,32.0573476702509,0.28225806451612906,63.308826164874546,0.5510752688172043
South,2015-11-09,2125.8579999999997,246.0127,6,0.2692307692307692,0.11572395710343777,46,0.435546875,23,0.34782608695652173,0.7391304347826086,3.1666666666666665,32.0573476702509,0.28225806451612906,63.308826164874546,0.5510752688172043
South,2015-11-16,487.113,-71.7465,4,0.425,-0.14728923268317617,47,0.435546875,31,0.5161290322580645,0.7419354838709677,3.75,32.0573476702509,0.28225806451612906,63.308826164874546,0.5510752688172043
South,2015-11-23,1171.2655,36.9042,4,0.21000000000000002,0.03150797150603343,48,0.435546875,26,0.5,0.6538461538461539,3.0,32.0573476702509,0.28225806451612906,63.308826164874546,0.5510752688172043
South,2015-11-30,3053.17,-908.7598999999999,10,0.25555555555555554,-0.2976447102519676,49,0.435546875,28,0.32142857142857145,0.7857142857142857,2.8333333333333335,32.0573476702509,0.28225806451612906,63.308826164874546,0.5510752688172043
South,2015-12-07,775.948,233.9854,4,0.09999999999999999,0.3015477841298644,50,0.435546875,19,0.5263157894736842,0.5789473684210527,2.875,32.0573476702509,0.28225806451612906,63.308826164874546,0.5510752688172043
South,2015-12-14,455.04200000000003,84.3329,6,0.1111111111111111,0.18532992558928624,51,0.435546875,28,0.6428571428571429,0.6785714285714286,2.2222222222222223,32.0573476702509,0.28225806451612906,63.308826164874546,0.5510752688172043
South,2015-12-21,1163.712,279.164,7,0.14285714285714285,0.23989096958697684,52,0.435546875,19,0.5789473684210527,0.3684210526315789,3.3333333333333335,32.0573476702509,0.28225806451612906,63.308826164874546,0.5510752688172043
South,2015-12-28,596.48,278.3802,1,0.0,0.46670500268240345,53,0.435546875,10,0.4,0.8,3.0,32.0573476702509,0.28225806451612906,63.308826164874546,0.5510752688172043
South,2016-01-04,1403.1,158.6208,3,0.2714285714285714,0.11305024588411376,1,0.435546875,14,0.7857142857142857,0.6428571428571429,3.2,32.0573476702509,0.28225806451612906,63.308826164874546,0.5510752688172043
South,2016-01-11,721.344,95.646,2,0.13333333333333333,0.13259415757253126,2,0.435546875,35,0.42857142857142855,0.5428571428571428,2.5,32.0573476702509,0.28225806451612906,63.308826164874546,0.5510752688172043
South,2016-01-18,561.6320000000001,-41.22240000000001,2,0.15000000000000002,-0.07339752720642699,3,0.435546875,28,0.5,0.7857142857142857,3.3333333333333335,32.0573476702509,0.28225806451612906,63.308826164874546,0.5510752688172043
South,2016-01-25,1396.35,694.4142,1,0.0,0.4973066924481685,4,0.435546875,36,0.5,0.6111111111111112,3.2142857142857144,32.0573476702509,0.28225806451612906,63.308826164874546,0.5510752688172043
South,2016-02-01,12043.454000000002,3760.3633,6,0.010526315789473684,0.31223296074365375,5,0.435546875,27,0.48148148148148145,0.7037037037037037,3.375,32.0573476702509,0.28225806451612906,63.308826164874546,0.5510752688172043
South,2016-02-08,2758.196,378.5821,3,0.05,0.13725714198700892,6,0.435546875,28,0.4642857142857143,0.6785714285714286,2.7777777777777777,32.0573476702509,0.28225806451612906,63.308826164874546,0.5510752688172043
South,2016-02-15,811.454,46.11559999999999,3,0.3,0.056830824667818504,7,0.435546875,34,0.4117647058823529,0.6764705882352942,3.272727272727273,32.0573476702509,0.28225806451612906,63.308826164874546,0.5510752688172043
South,2016-02-29,10.08,3.528,1,0.2,0.35,9,0.435546875,24,0.5416666666666666,0.7083333333333334,2.5714285714285716,32.0573476702509,0.28225806451612906,63.308826164874546,0.5510752688172043
South,2016-03-07,2371.7200000000003,350.8214,4,0.05,0.14791855699661002,10,0.435546875,38,0.4473684210526316,0.6578947368421053,2.4615384615384617,32.0573476702509,0.28225806451612906,63.308826164874546,0.5510752688172043
South,2016-03-14,1544.658,177.6554,5,0.21666666666666667,0.11501277305397052,11,0.435546875,26,0.5384615384615384,0.5769230769230769,3.4545454545454546,32.0573476702509,0.28225806451612906,63.308826164874546,0.5510752688172043
South,2016-03-21,280.316,23.7475,2,0.08,0.08471689093737068,12,0.435546875,23,0.4782608695652174,0.782608695652174,4.4,32.0573476702509,0.28225806451612906,63.308826164874546,0.5510752688172043
South,2016-03-28,38.44,10.9476,2,0.0,0.2847970863683663,13,0.435546875,21,0.5714285714285714,0.5714285714285714,3.7777777777777777,32.0573476702509,0.28225806451612906,63.308826164874546,0.5510752688172043
South,2016-04-04,766.4399999999999,175.4809,4,0.0,0.22895582172120454,14,0.435546875,32,0.46875,0.65625,3.272727272727273,32.0573476702509,0.28225806451612906,63.308826164874546,0.5510752688172043
South,2016-04-11,1922.51,173.886,8,0.17058823529411765,0.09044738388877041,15,0.435546875,27,0.5555555555555556,0.6666666666666666,3.3333333333333335,32.0573476702509,0.28225806451612906,63.308826164874546,0.5510752688172043
South,2016-04-18,269.71999999999997,74.3646,2,0.06666666666666667,0.2757103663057986,16,0.435546875,27,0.6296296296296297,0.7407407407407407,3.5714285714285716,32.0573476702509,0.28225806451612906,63.308826164874546,0.5510752688172043
South,2016-04-25,517.866,-75.2426,2,0.21666666666666667,-0.1452935701513519,17,0.435546875,15,0.4,0.6666666666666666,3.4,32.0573476702509,0.28225806451612906,63.308826164874546,0.5510752688172043
South,2016-05-02,567.996,108.0797,5,0.16666666666666666,0.19028250198945065,18,0.435546875,19,0.47368421052631576,0.42105263157894735,3.3636363636363638,32.0573476702509,0.28225806451612906,63.308826164874546,0.5510752688172043
South,2016-05-09,849.742,237.8464,5,0.2769230769230769,0.27990425329099894,19,0.435546875,33,0.42424242424242425,0.6363636363636364,2.9166666666666665,32.0573476702509,0.28225806451612906,63.308826164874546,0.5510752688172043
South,2016-05-16,2053.314,246.1898,5,0.3833333333333333,0.11989875878701456,20,0.435546875,24,0.4583333333333333,0.6666666666666666,3.625,32.0573476702509,0.28225806451612906,63.308826164874546,0.5510752688172043
South,2016-05-23,3512.203,645.2733000000001,8,0.11875,0.18372323581524191,21,0.435546875,23,0.4782608695652174,0.8695652173913043,4.666666666666667,32.0573476702509,0.28225806451612906,63.308826164874546,0.5510752688172043
South,2016-05-30,4534.992,1142.6012,4,0.09999999999999999,0.2519521974900948,22,0.435546875,26,0.5384615384615384,0.6153846153846154,2.7,32.0573476702509,0.28225806451612906,63.308826164874546,0.5510752688172043
South,2016-06-06,1599.47,317.21610000000004,3,0.05,0.1983257579073068,23,0.435546875,24,0.5,0.7916666666666666,2.0,32.0573476702509,0.28225806451612906,63.308826164874546,0.5510752688172043
South,2016-06-13,149.875,-26.1455,2,0.4666666666666666,-0.1744487072560467,24,0.435546875,20,0.55,0.55,3.4444444444444446,32.0573476702509,0.28225806451612906,63.308826164874546,0.5510752688172043
South,2016-06-20,135.95,39.4255,1,0.0,0.29000000000000004,25,0.435546875,29,0.4482758620689655,0.7586206896551724,3.5714285714285716,32.0573476702509,0.28225806451612906,63.308826164874546,0.5510752688172043
South,2016-06-27,1587.9099999999999,364.19069999999994,4,0.0,0.22935223029012977,26,0.435546875,21,0.2857142857142857,0.5238095238095238,2.7,32.0573476702509,0.28225806451612906,63.308826164874546,0.5510752688172043
South,2016-07-04,885.5280000000001,61.6207,2,0.20000000000000004,0.0695863936544073,27,0.435546875,30,0.4666666666666667,0.6,2.5833333333333335,32.0573476702509,0.28225806451612906,63.308826164874546,0.5510752688172043
South,2016-07-11,316.33,111.6012,3,0.0,0.35279992412986444,28,0.435546875,20,0.4,0.55,3.0,32.0573476702509,0.28225806451612906,63.308826164874546,0.5510752688172043
South,2016-07-18,2019.0810000000001,323.7709,5,0.1,0.16035557761179464,29,0.435546875,28,0.4642857142857143,0.5714285714285714,3.0833333333333335,32.0573476702509,0.28225806451612906,63.308826164874546,0.5510752688172043
South,2016-07-25,3248.2799999999997,430.88789999999995,4,0.22857142857142856,0.1326510953489231,30,0.435546875,27,0.48148148148148145,0.8148148148148148,3.8,32.0573476702509,0.28225806451612906,63.308826164874546,0.5510752688172043
South,2016-08-01,355.86,122.4606,2,0.0,0.34412577980104536,31,0.435546875,31,0.6774193548387096,0.7741935483870968,3.2857142857142856,32.0573476702509,0.28225806451612906,63.308826164874546,0.5510752688172043
South,2016-08-08,1499.2825,-105.4019,8,0.25357142857142856,-0.07030156091330353,32,0.435546875,32,0.40625,0.71875,3.2222222222222223,32.0573476702509,0.28225806451612906,63.308826164874546,0.5510752688172043
South,2016-08-15,968.1039999999999,99.9308,3,0.2,0.10322320742399578,33,0.435546875,18,0.6666666666666666,0.8333333333333334,3.3333333333333335,32.0573476702509,0.28225806451612906,63.308826164874546,0.5510752688172043
South,2016-08-22,226.764,55.620000000000005,3,0.13333333333333333,0.24527702809969837,34,0.435546875,27,0.6296296296296297,0.6296296296296297,2.8,32.0573476702509,0.28225806451612906,63.308826164874546,0.5510752688172043
South,2016-08-29,2603.865,418.3812,5,0.2,0.1606769936229413,35,0.435546875,23,0.34782608695652173,0.8260869565217391,3.25,32.0573476702509,0.28225806451612906,63.308826164874546,0.5510752688172043
South,2016-09-05,4303.8640000000005,1164.0067,7,0.21428571428571427,0.27045619935945925,36,0.435546875,29,0.5862068965517241,0.5862068965517241,2.25,32.0573476702509,0.28225806451612906,63.308826164874546,0.5510752688172043
South,2016-09-12,3353.338,588.6568,7,0.05416666666666667,0.17554353304080889,37,0.435546875,25,0.48,0.76,2.8333333333333335,32.0573476702509,0.28225806451612906,63.308826164874546,0.5510752688172043
South,2016-09-19,999.748,229.4418,6,0.15454545454545454,0.22949963390774475,38,0.435546875,16,0.4375,0.5,3.625,32.0573476702509,0.28225806451612906,63.308826164874546,0.5510752688172043
South,2016-09-26,799.0,47.6991,4,0.1375,0.05969849812265332,39,0.435546875,30,0.3333333333333333,0.6333333333333333,3.4545454545454546,32.0573476702509,0.28225806451612906,63.308826164874546,0.5510752688172043
South,2016-10-03,451.968,-45.4932,2,0.20000000000000004,-0.10065579864061172,40,0.435546875,24,0.6666666666666666,0.7083333333333334,2.2857142857142856,32.0573476702509,0.28225806451612906,63.308826164874546,0.5510752688172043
South,2016-10-10,672.711,235.4378,3,0.19090909090909092,0.3499835739269909,41,0.435546875,22,0.6363636363636364,0.8636363636363636,2.0,32.0573476702509,0.28225806451612906,63.308826164874546,0.5510752688172043
South,2016-10-17,287.012,25.085499999999996,4,0.22000000000000003,0.08740226889468035,42,0.435546875,28,0.6071428571428571,0.7142857142857143,3.5,32.0573476702509,0.28225806451612906,63.308826164874546,0.5510752688172043
South,2016-10-24,1685.115,156.3314,6,0.34444444444444444,0.0927719473151684,43,0.435546875,33,0.5454545454545454,0.5757575757575758,3.0714285714285716,32.0573476702509,0.28225806451612906,63.308826164874546,0.5510752688172043
South,2016-10-31,3866.746,196.54680000000002,8,0.1,0.05083002607360298,44,0.435546875,22,0.36363636363636365,0.5,3.1818181818181817,32.0573476702509,0.28225806451612906,63.308826164874546,0.5510752688172043
South,2016-11-07,1769.328,321.2701,4,0.18333333333333332,0.18157746895996674,45,0.435546875,30,0.6666666666666666,0.8,1.8333333333333333,32.0573476702509,0.28225806451612906,63.308826164874546,0.5510752688172043
South,2016-11-14,3056.04,495.54010000000005,5,0.13333333333333336,0.16215105168780516,46,0.435546875,23,0.34782608695652173,0.7391304347826086,3.1666666666666665,32.0573476702509,0.28225806451612906,63.308826164874546,0.5510752688172043
South,2016-11-21,4219.189,1509.9262,7,0.16538461538461538,0.35787119278136154,47,0.435546875,31,0.5161290322580645,0.7419354838709677,3.75,32.0573476702509,0.28225806451612906,63.308826164874546,0.5510752688172043
South,2016-11-28,5731.198,1221.3262,6,0.12999999999999998,0.21310137950215643,48,0.435546875,26,0.5,0.6538461538461539,3.0,32.0573476702509,0.28225806451612906,63.308826164874546,0.5510752688172043
South,2016-12-05,3083.232,514.6911,8,0.19166666666666665,0.16693232945169226,49,0.435546875,28,0.32142857142857145,0.7857142857142857,2.8333333333333335,32.0573476702509,0.28225806451612906,63.308826164874546,0.5510752688172043
South,2016-12-12,1896.9,-235.21210000000002,5,0.1625,-0.1239981548842849,50,0.435546875,19,0.5263157894736842,0.5789473684210527,2.875,32.0573476702509,0.28225806451612906,63.308826164874546,0.5510752688172043
South,2016-12-19,2653.43,645.9625,5,0.09166666666666667,0.24344433431445336,51,0.435546875,28,0.6428571428571429,0.6785714285714286,2.2222222222222223,32.0573476702509,0.28225806451612906,63.308826164874546,0.5510752688172043
South,2016-12-26,249.578,30.334600000000002,5,0.3,0.12154356553862922,52,0.435546875,19,0.5789473684210527,0.3684210526315789,3.3333333333333335,32.0573476702509,0.28225806451612906,63.308826164874546,0.5510752688172043
South,2017-01-02,776.7620000000001,-47.9608,3,0.5199999999999999,-0.06174452406271161,1,0.435546875,14,0.7857142857142857,0.6428571428571429,3.2,32.0573476702509,0.28225806451612906,63.308826164874546,0.5510752688172043
South,2017-01-09,204.75,27.961999999999996,2,0.34285714285714286,0.13656654456654455,2,0.435546875,35,0.42857142857142855,0.5428571428571428,2.5,32.0573476702509,0.28225806451612906,63.308826164874546,0.5510752688172043
South,2017-01-16,383.992,1.841000000000001,1,0.44999999999999996,0.004794370716056587,3,0.435546875,28,0.5,0.7857142857142857,3.3333333333333335,32.0573476702509,0.28225806451612906,63.308826164874546,0.5510752688172043
South,2017-01-23,3030.95,796.5697,3,0.0,0.2628118906613438,4,0.435546875,36,0.5,0.6111111111111112,3.2142857142857144,32.0573476702509,0.28225806451612906,63.308826164874546,0.5510752688172043
South,2017-01-30,538.3140000000001,-30.344,2,0.3666666666666667,-0.05636858785021381,5,0.435546875,27,0.48148148148148145,0.7037037037037037,3.375,32.0573476702509,0.28225806451612906,63.308826164874546,0.5510752688172043
South,2017-02-06,359.97,79.1934,1,0.0,0.21999999999999997,6,0.435546875,28,0.4642857142857143,0.6785714285714286,2.7777777777777777,32.0573476702509,0.28225806451612906,63.308826164874546,0.5510752688172043
South,2017-02-13,1275.02,369.75579999999997,2,0.0,0.29,7,0.435546875,34,0.4117647058823529,0.6764705882352942,3.272727272727273,32.0573476702509,0.28225806451612906,63.308826164874546,0.5510752688172043
South,2017-02-20,428.70399999999995,-16.340200000000003,1,0.2,-0.038115342987235956,8,0.435546875,23,0.5652173913043478,0.7391304347826086,3.6666666666666665,32.0573476702509,0.28225806451612906,63.308826164874546,0.5510752688172043
South,2017-02-27,912.0500000000001,356.441,2,0.0,0.39081300367304417,9,0.435546875,24,0.5416666666666666,0.7083333333333334,2.5714285714285716,32.0573476702509,0.28225806451612906,63.308826164874546,0.5510752688172043
South,2017-03-06,770.826,190.5846,3,0.18,0.2472472386764328,10,0.435546875,38,0.4473684210526316,0.6578947368421053,2.4615384615384617,32.0573476702509,0.28225806451612906,63.308826164874546,0.5510752688172043
South,2017-03-13,4.608,1.6704,1,0.2,0.36250000000000004,11,0.435546875,26,0.5384615384615384,0.5769230769230769,3.4545454545454546,32.0573476702509,0.28225806451612906,63.308826164874546,0.5510752688172043
South,2017-03-20,121.394,30.1315,2,0.06666666666666667,0.24821243224541573,12,0.435546875,23,0.4782608695652174,0.782608695652174,4.4,32.0573476702509,0.28225806451612906,63.308826164874546,0.5510752688172043
South,2017-03-27,6018.932,2022.5329000000002,9,0.07142857142857142,0.3360285346303963,13,0.435546875,21,0.5714285714285714,0.5714285714285714,3.7777777777777777,32.0573476702509,0.28225806451612906,63.308826164874546,0.5510752688172043
South,2017-04-03,5010.8305,1013.0266000000001,5,0.3230769230769231,0.20216740518363177,14,0.435546875,32,0.46875,0.65625,3.272727272727273,32.0573476702509,0.28225806451612906,63.308826164874546,0.5510752688172043
South,2017-04-10,776.987,-24.3349,7,0.24,-0.03131957162732453,15,0.435546875,27,0.5555555555555556,0.6666666666666666,3.3333333333333335,32.0573476702509,0.28225806451612906,63.308826164874546,0.5510752688172043
South,2017-04-17,1188.556,74.51700000000001,2,0.16,0.06269540518074034,16,0.435546875,27,0.6296296296296297,0.7407407407407407,3.5714285714285716,32.0573476702509,0.28225806451612906,63.308826164874546,0.5510752688172043
South,2017-04-24,1287.29,86.1558,7,0.24166666666666667,0.06692804263219632,17,0.435546875,15,0.4,0.6666666666666666,3.4,32.0573476702509,0.28225806451612906,63.308826164874546,0.5510752688172043
South,2017-05-01,5645.219,-172.66289999999995,7,0.15666666666666668,-0.0305856867554651,18,0.435546875,19,0.47368421052631576,0.42105263157894735,3.3636363636363638,32.0573476702509,0.28225806451612906,63.308826164874546,0.5510752688172043
South,2017-05-08,341.69,74.0853,3,0.15000000000000002,0.21682021715590155,19,0.435546875,33,0.42424242424242425,0.6363636363636364,2.9166666666666665,32.0573476702509,0.28225806451612906,63.308826164874546,0.5510752688172043
South,2017-05-15,3450.41,863.299,5,0.03076923076923077,0.2502018600688034,20,0.435546875,24,0.4583333333333333,0.6666666666666666,3.625,32.0573476702509,0.28225806451612906,63.308826164874546,0.5510752688172043
South,2017-05-22,1252.562,279.23,7,0.11000000000000001,0.22292708863912528,21,0.435546875,23,0.4782608695652174,0.8695652173913043,4.666666666666667,32.0573476702509,0.28225806451612906,63.308826164874546,0.5510752688172043
South,2017-05-29,1660.138,196.9349,7,0.1611111111111111,0.11862562027975988,22,0.435546875,26,0.5384615384615384,0.6153846153846154,2.7,32.0573476702509,0.28225806451612906,63.308826164874546,0.5510752688172043
South,2017-06-05,1425.708,111.84440000000001,5,0.22000000000000003,0.07844832181624849,23,0.435546875,24,0.5,0.7916666666666666,2.0,32.0573476702509,0.28225806451612906,63.308826164874546,0.5510752688172043
South,2017-06-12,5216.558,711.6265,7,0.13333333333333336,0.1364168672139752,24,0.435546875,20,0.55,0.55,3.4444444444444446,32.0573476702509,0.28225806451612906,63.308826164874546,0.5510752688172043
South,2017-06-19,578.432,154.5695,3,0.1,0.2672215575901748,25,0.435546875,29,0.4482758620689655,0.7586206896551724,3.5714285714285716,32.0573476702509,0.28225806451612906,63.308826164874546,0.5510752688172043
South,2017-06-26,306.944,-3.6278000000000006,2,0.20000000000000004,-0.011819094036697248,26,0.435546875,21,0.2857142857142857,0.5238095238095238,2.7,32.0573476702509,0.28225806451612906,63.308826164874546,0.5510752688172043
South,2017-07-03,584.7520000000001,106.04580000000001,4,0.12000000000000002,0.181351752537828,27,0.435546875,30,0.4666666666666667,0.6,2.5833333333333335,32.0573476702509,0.28225806451612906,63.308826164874546,0.5510752688172043
South,2017-07-10,1368.942,247.68959999999998,4,0.03333333333333333,0.18093505787681288,28,0.435546875,20,0.4,0.55,3.0,32.0573476702509,0.28225806451612906,63.308826164874546,0.5510752688172043
South,2017-07-17,959.884,197.7388,2,0.025,0.20600280867271462,29,0.435546875,28,0.4642857142857143,0.5714285714285714,3.0833333333333335,32.0573476702509,0.28225806451612906,63.308826164874546,0.5510752688172043
South,2017-07-24,347.096,18.1934,3,0.2,0.05241604628114412,30,0.435546875,27,0.48148148148148145,0.8148148148148148,3.8,32.0573476702509,0.28225806451612906,63.308826164874546,0.5510752688172043
South,2017-07-31,488.284,62.3223,4,0.08,0.12763535155770003,31,0.435546875,31,0.6774193548387096,0.7741935483870968,3.2857142857142856,32.0573476702509,0.28225806451612906,63.308826164874546,0.5510752688172043
South,2017-08-07,2961.164,-896.2782,4,0.23000000000000004,-0.3026776632432381,32,0.435546875,32,0.40625,0.71875,3.2222222222222223,32.0573476702509,0.28225806451612906,63.308826164874546,0.5510752688172043
South,2017-08-14,317.614,49.7599,3,0.22000000000000003,0.15666784209764054,33,0.435546875,18,0.6666666666666666,0.8333333333333334,3.3333333333333335,32.0573476702509,0.28225806451612906,63.308826164874546,0.5510752688172043
South,2017-08-21,5756.451999999999,672.642,8,0.16923076923076924,0.11685010141663651,34,0.435546875,27,0.6296296296296297,0.6296296296296297,2.8,32.0573476702509,0.28225806451612906,63.308826164874546,0.5510752688172043
South,2017-08-28,2491.8320000000003,1067.2503,4,0.1,0.42829945999569785,35,0.435546875,23,0.34782608695652173,0.8260869565217391,3.25,32.0573476702509,0.28225806451612906,63.308826164874546,0.5510752688172043
South,2017-09-04,1880.464,107.9533,8,0.1625,0.05740779935164938,36,0.435546875,29,0.5862068965517241,0.5862068965517241,2.25,32.0573476702509,0.28225806451612906,63.308826164874546,0.5510752688172043
South,2017-09-11,2542.2,590.0671,9,0.08333333333333333,0.2321088427346393,37,0.435546875,25,0.48,0.76,2.8333333333333335,32.0573476702509,0.28225806451612906,63.308826164874546,0.5510752688172043
South,2017-09-18,3324.494,1080.5133,13,0.08,0.32501586707631297,38,0.435546875,16,0.4375,0.5,3.625,32.0573476702509,0.28225806451612906,63.308826164874546,0.5510752688172043
South,2017-09-25,850.974,-60.9459,4,0.15000000000000002,-0.07161899188459342,39,0.435546875,30,0.3333333333333333,0.6333333333333333,3.4545454545454546,32.0573476702509,0.28225806451612906,63.308826164874546,0.5510752688172043
South,2017-10-02,3508.514,-1006.6442,4,0.31333333333333335,-0.2869146880987221,40,0.435546875,24,0.6666666666666666,0.7083333333333334,2.2857142857142856,32.0573476702509,0.28225806451612906,63.308826164874546,0.5510752688172043
South,2017-10-09,1908.854,474.4565,4,0.06666666666666667,0.24855567790936342,41,0.435546875,22,0.6363636363636364,0.8636363636363636,2.0,32.0573476702509,0.28225806451612906,63.308826164874546,0.5510752688172043
South,2017-10-16,4688.558,-2056.0569,8,0.19375,-0.43852649364687396,42,0.435546875,28,0.6071428571428571,0.7142857142857143,3.5,32.0573476702509,0.28225806451612906,63.308826164874546,0.5510752688172043
South,2017-10-23,1826.045,306.6886,5,0.19,0.16795237795344584,43,0.435546875,33,0.5454545454545454,0.5757575757575758,3.0714285714285716,32.0573476702509,0.28225806451612906,63.308826164874546,0.5510752688172043
South,2017-10-30,15278.286,-2674.4272,14,0.16785714285714287,-0.17504759368950157,44,0.435546875,22,0.36363636363636365,0.5,3.1818181818181817,32.0573476702509,0.28225806451612906,63.308826164874546,0.5510752688172043
South,2017-11-06,2813.572,217.3518,7,0.26666666666666666,0.07725119527774657,45,0.435546875,30,0.6666666666666666,0.8,1.8333333333333333,32.0573476702509,0.28225806451612906,63.308826164874546,0.5510752688172043
South,2017-11-13,4042.726,611.2834,12,0.15000000000000002,0.15120574582596,46,0.435546875,23,0.34782608695652173,0.7391304347826086,3.1666666666666665,32.0573476702509,0.28225806451612906,63.308826164874546,0.5510752688172043
South,2017-11-20,3832.1510000000003,705.5912000000001,12,0.16666666666666666,0.18412405982958396,47,0.435546875,31,0.5161290322580645,0.7419354838709677,3.75,32.0573476702509,0.28225806451612906,63.308826164874546,0.5510752688172043
South,2017-11-27,3965.11,-294.77349999999996,12,0.23529411764705882,-0.07434182153836841,48,0.435546875,26,0.5,0.6538461538461539,3.0,32.0573476702509,0.28225806451612906,63.308826164874546,0.5510752688172043
South,2017-12-04,3650.174,921.802,7,0.04375,0.2525364544265561,49,0.435546875,28,0.32142857142857145,0.7857142857142857,2.8333333333333335,32.0573476702509,0.28225806451612906,63.308826164874546,0.5510752688172043
South,2017-12-11,2127.641,-129.87269999999998,4,0.13125,-0.061040701885327446,50,0.435546875,19,0.5263157894736842,0.5789473684210527,2.875,32.0573476702509,0.28225806451612906,63.308826164874546,0.5510752688172043
South,2017-12-18,5182.344,444.8611000000001,10,0.10476190476190476,0.08584167704806939,51,0.435546875,28,0.6428571428571429,0.6785714285714286,2.2222222222222223,32.0573476702509,0.28225806451612906,63.308826164874546,0.5510752688172043
South,2017-12-25,3240.134,938.9954,5,0.0642857142857143,0.28980140944788085,52,0.435546875,19,0.5789473684210527,0.3684210526315789,3.3333333333333335,32.0573476702509,0.28225806451612906,63.308826164874546,0.5510752688172043
West,2014-01-06,19.44,9.3312,1,0.0,0.48000000000000004,2,0.6938775510204082,40,0.6,0.75,3.2,31.99134199134199,0.27705627705627706,65.55870129870131,0.5597402597402598
West,2014-01-13,2123.207,-32.36180000000002,3,0.26875,-0.01524194296646536,3,0.6938775510204082,42,0.35714285714285715,0.7142857142857143,2.9166666666666665,31.99134199134199,0.27705627705627706,65.55870129870131,0.5597402597402598
West,2014-01-20,78.74,34.3212,2,0.0,0.4358801117602235,4,0.6938775510204082,46,0.4782608695652174,0.6521739130434783,2.8125,31.99134199134199,0.27705627705627706,65.55870129870131,0.5597402597402598
West,2014-01-27,729.686,18.906799999999997,3,0.06999999999999999,0.025910871251469805,5,0.6938775510204082,66,0.45454545454545453,0.6363636363636364,2.875,31.99134199134199,0.27705627705627706,65.55870129870131,0.5597402597402598
West,2014-02-03,246.056,88.23740000000001,4,0.13333333333333333,0.358606983776051,6,0.6938775510204082,58,0.43103448275862066,0.6724137931034483,3.0,31.99134199134199,0.27705627705627706,65.55870129870131,0.5597402597402598
West,2014-02-10,711.4780000000001,97.02539999999999,3,0.08,0.13637160952271185,7,0.6938775510204082,57,0.47368421052631576,0.631578947368421,3.0476190476190474,31.99134199134199,0.27705627705627706,65.55870129870131,0.5597402597402598
West,2014-02-17,32.400000000000006,15.552,2,0.0,0.4799999999999999,8,0.6938775510204082,65,0.4461538461538462,0.7538461538461538,2.875,31.99134199134199,0.27705627705627706,65.55870129870131,0.5597402597402598
West,2014-02-24,513.24,70.2657,2,0.20000000000000004,0.1369061257891045,9,0.6938775510204082,65,0.5384615384615384,0.6153846153846154,3.48,31.99134199134199,0.27705627705627706,65.55870129870131,0.5597402597402598
West,2014-03-03,2187.4139999999998,110.6657,4,0.1111111111111111,0.05059202327497219,10,0.6938775510204082,33,0.3939393939393939,0.7575757575757576,3.625,31.99134199134199,0.27705627705627706,65.55870129870131,0.5597402597402598
West,2014-03-10,1021.772,48.4868,4,0.08,0.047453639363771956,11,0.6938775510204082,47,0.46808510638297873,0.7446808510638298,3.1666666666666665,31.99134199134199,0.27705627705627706,65.55870129870131,0.5597402597402598
West,2014-03-17,5769.344,946.5952,4,0.11875000000000001,0.16407328112173586,12,0.6938775510204082,48,0.625,0.6458333333333334,2.4705882352941178,31.99134199134199,0.27705627705627706,65.55870129870131,0.5597402597402598
West,2014-03-24,846.252,109.5808,8,0.05357142857142857,0.12948956102910245,13,0.6938775510204082,57,0.543859649122807,0.6140350877192983,3.227272727272727,31.99134199134199,0.27705627705627706,65.55870129870131,0.5597402597402598
West,2014-03-31,2356.698,736.5448,8,0.044444444444444446,0.31253253492810706,14,0.6938775510204082,57,0.5789473684210527,0.7017543859649122,2.6470588235294117,31.99134199134199,0.27705627705627706,65.55870129870131,0.5597402597402598
West,2014-04-07,2870.131,403.77570000000003,7,0.1392857142857143,0.14068197584012718,15,0.6938775510204082,55,0.5454545454545454,0.6363636363636364,3.55,31.99134199134199,0.27705627705627706,65.55870129870131,0.5597402597402598
West,2014-04-14,754.238,270.3559,4,0.025,0.35844905719414827,16,0.6938775510204082,65,0.5230769230769231,0.6153846153846154,3.12,31.99134199134199,0.27705627705627706,65.55870129870131,0.5597402597402598
West,2014-04-21,2409.008,360.20349999999996,5,0.08888888888888889,0.14952357983037,17,0.6938775510204082,45,0.4888888888888889,0.6666666666666666,2.7333333333333334,31.99134199134199,0.27705627705627706,65.55870129870131,0.5597402597402598
West,2014-04-28,1749.82,148.929,2,0.06666666666666667,0.08511103999268496,18,0.6938775510204082,49,0.5102040816326531,0.6530612244897959,2.764705882352941,31.99134199134199,0.27705627705627706,65.55870129870131,0.5597402597402598
West,2014-05-05,2461.74,399.5999,5,0.07272727272727274,0.1623241690836563,19,0.6938775510204082,48,0.5833333333333334,0.5833333333333334,3.0,31.99134199134199,0.27705627705627706,65.55870129870131,0.5597402597402598
West,2014-05-12,782.206,108.1287,5,0.06666666666666667,0.1382355798856056,20,0.6938775510204082,47,0.44680851063829785,0.6595744680851063,2.9375,31.99134199134199,0.27705627705627706,65.55870129870131,0.5597402597402598
West,2014-05-19,44.8,16.727999999999998,2,0.0,0.37339285714285714,21,0.6938775510204082,41,0.4146341463414634,0.7560975609756098,2.6,31.99134199134199,0.27705627705627706,65.55870129870131,0.5597402597402598
West,2014-05-26,3211.832,326.17539999999997,7,0.12916666666666668,0.1015543154187392,22,0.6938775510204082,49,0.5918367346938775,0.7959183673469388,2.0,31.99134199134199,0.27705627705627706,65.55870129870131,0.5597402597402598
West,2014-06-02,1234.56,228.1212,3,0.1,0.18477935458786937,23,0.6938775510204082,53,0.5660377358490566,0.7358490566037735,3.142857142857143,31.99134199134199,0.27705627705627706,65.55870129870131,0.5597402597402598
West,2014-06-09,3893.884,371.64549999999997,4,0.06153846153846154,0.09544339276670799,24,0.6938775510204082,59,0.559322033898305,0.559322033898305,3.3461538461538463,31.99134199134199,0.27705627705627706,65.55870129870131,0.5597402597402598
West,2014-06-16,3671.5460000000003,1111.0021000000002,5,0.33749999999999997,0.30259789745246285,25,0.6938775510204082,53,0.6037735849056604,0.660377358490566,3.388888888888889,31.99134199134199,0.27705627705627706,65.55870129870131,0.5597402597402598
West,2014-06-23,797.0319999999999,50.678399999999996,3,0.2,0.06358389625510645,26,0.6938775510204082,50,0.46,0.7,2.933333333333333,31.99134199134199,0.27705627705627706,65.55870129870131,0.5597402597402598
West,2014-06-30,921.7280000000001,198.4288,5,0.16666666666666666,0.2152791278989029,27,0.6938775510204082,53,0.37735849056603776,0.6037735849056604,3.380952380952381,31.99134199134199,0.27705627705627706,65.55870129870131,0.5597402597402598
West,2014-07-07,2637.359,111.13419999999999,7,0.134375,0.04213844228260165,28,0.6938775510204082,47,0.7021276595744681,0.6595744680851063,3.0,31.99134199134199,0.27705627705627706,65.55870129870131,0.5597402597402598
West,2014-07-14,1212.618,287.7129,6,0.07692307692307693,0.23726589907126563,29,0.6938775510204082,61,0.5573770491803278,0.6557377049180327,2.9047619047619047,31.99134199134199,0.27705627705627706,65.55870129870131,0.5597402597402598
West,2014-07-21,15701.408,1099.8853,11,0.10357142857142856,0.0700501063344128,30,0.6938775510204082,54,0.5185185185185185,0.7037037037037037,2.5,31.99134199134199,0.27705627705627706,65.55870129870131,0.5597402597402598
West,2014-07-28,1701.966,138.94149999999996,4,0.22000000000000003,0.08163588461814159,31,0.6938775510204082,45,0.4666666666666667,0.6222222222222222,2.764705882352941,31.99134199134199,0.27705627705627706,65.55870129870131,0.5597402597402598
West,2014-08-04,8778.395,2050.0171,11,0.11153846153846156,0.23352983090872534,32,0.6938775510204082,46,0.5,0.5652173913043478,3.15,31.99134199134199,0.27705627705627706,65.55870129870131,0.5597402597402598
West,2014-08-11,1473.338,202.6706,3,0.08,0.13755879506264007,33,0.6938775510204082,45,0.4,0.5111111111111111,2.5,31.99134199134199,0.27705627705627706,65.55870129870131,0.5597402597402598
West,2014-08-18,840.928,167.232,4,0.18,0.19886601468853457,34,0.6938775510204082,39,0.4358974358974359,0.7435897435897436,2.5,31.99134199134199,0.27705627705627706,65.55870129870131,0.5597402597402598
West,2014-08-25,1821.444,261.9328,6,0.05000000000000001,0.14380502502410175,35,0.6938775510204082,57,0.45614035087719296,0.7368421052631579,3.066666666666667,31.99134199134199,0.27705627705627706,65.55870129870131,0.5597402597402598
West,2014-09-01,286.14,103.7938,3,0.03333333333333333,0.36273782064723564,36,0.6938775510204082,47,0.44680851063829785,0.7872340425531915,2.7,31.99134199134199,0.27705627705627706,65.55870129870131,0.5597402597402598
West,2014-09-08,4183.596,662.8213,8,0.047619047619047616,0.1584333907958608,37,0.6938775510204082,62,0.45161290322580644,0.532258064516129,2.8275862068965516,31.99134199134199,0.27705627705627706,65.55870129870131,0.5597402597402598
West,2014-09-15,3543.3179999999998,1083.2712999999999,12,0.10714285714285714,0.3057222919308964,38,0.6938775510204082,52,0.46153846153846156,0.5961538461538461,2.8095238095238093,31.99134199134199,0.27705627705627706,65.55870129870131,0.5597402597402598
West,2014-09-22,2703.2290000000003,354.24850000000004,8,0.09583333333333334,0.1310464263294009,39,0.6938775510204082,52,0.5192307692307693,0.6730769230769231,3.1176470588235294,31.99134199134199,0.27705627705627706,65.55870129870131,0.5597402597402598
West,2014-09-29,5292.21,1109.1143,10,0.10833333333333334,0.20957488459452667,40,0.6938775510204082,39,0.5384615384615384,0.8205128205128205,3.0,31.99134199134199,0.27705627705627706,65.55870129870131,0.5597402597402598
West,2014-10-06,1527.924,213.2593,9,0.05714285714285715,0.13957454690154747,41,0.6938775510204082,60,0.5166666666666667,0.7333333333333333,3.1875,31.99134199134199,0.27705627705627706,65.55870129870131,0.5597402597402598
West,2014-10-13,2448.5,623.8013,6,0.08000000000000002,0.254768756381458,42,0.6938775510204082,60,0.5,0.6666666666666666,2.7,31.99134199134199,0.27705627705627706,65.55870129870131,0.5597402597402598
West,2014-10-20,567.92,83.5299,4,0.16,0.14708039864769687,43,0.6938775510204082,58,0.43103448275862066,0.6724137931034483,3.210526315789474,31.99134199134199,0.27705627705627706,65.55870129870131,0.5597402597402598
West,2014-10-27,6273.334,607.5334,9,0.09807692307692309,0.09684378354476265,44,0.6938775510204082,57,0.45614035087719296,0.6666666666666666,2.9473684210526314,31.99134199134199,0.27705627705627706,65.55870129870131,0.5597402597402598
West,2014-11-03,3915.438,476.5756,9,0.10263157894736843,0.12171705949628113,45,0.6938775510204082,46,0.5217391304347826,0.6956521739130435,3.4285714285714284,31.99134199134199,0.27705627705627706,65.55870129870131,0.5597402597402598
West,2014-11-10,7175.5185,1404.3835,10,0.07222222222222223,0.19571874840821607,46,0.6938775510204082,57,0.5263157894736842,0.7719298245614035,2.923076923076923,31.99134199134199,0.27705627705627706,65.55870129870131,0.5597402597402598
West,2014-11-17,3542.33,629.1627,10,0.07222222222222223,0.1776126730146542,47,0.6938775510204082,40,0.375,0.675,2.8461538461538463,31.99134199134199,0.27705627705627706,65.55870129870131,0.5597402597402598
West,2014-11-24,5361.4619999999995,266.604,13,0.09166666666666666,0.049725988918694196,48,0.6938775510204082,51,0.4117647058823529,0.7058823529411765,2.2666666666666666,31.99134199134199,0.27705627705627706,65.55870129870131,0.5597402597402598
West,2014-12-01,3713.156,632.6378000000001,9,0.08461538461538462,0.17037738247463885,49,0.6938775510204082,54,0.4444444444444444,0.7037037037037037,2.8125,31.99134199134199,0.27705627705627706,65.55870129870131,0.5597402597402598
West,2014-12-08,6513.6745,496.2504,11,0.1537037037037037,0.07618593775295342,50,0.6938775510204082,34,0.4117647058823529,0.6764705882352942,4.0,31.99134199134199,0.27705627705627706,65.55870129870131,0.5597402597402598
West,2014-12-15,7218.526,895.1424999999999,9,0.13043478260869565,0.12400627219462809,51,0.6938775510204082,64,0.5625,0.6875,3.0,31.99134199134199,0.27705627705627706,65.55870129870131,0.5597402597402598
West,2014-12-22,5151.456,-305.0349,11,0.11851851851851852,-0.05921333696725741,52,0.6938775510204082,43,0.5813953488372093,0.6744186046511628,2.642857142857143,31.99134199134199,0.27705627705627706,65.55870129870131,0.5597402597402598
West,2014-12-29,2859.593,162.14680000000004,5,0.14615384615384613,0.05670275455283324,1,0.6938775510204082,57,0.5614035087719298,0.6140350877192983,3.1818181818181817,31.99134199134199,0.27705627705627706,65.55870129870131,0.5597402597402598
West,2015-01-05,236.642,42.1024,3,0.26,0.17791600814732805,2,0.6938775510204082,40,0.6,0.75,3.2,31.99134199134199,0.27705627705627706,65.55870129870131,0.5597402597402598
West,2015-01-12,612.4580000000001,155.4968,1,0.06666666666666667,0.2538897361125171,3,0.6938775510204082,42,0.35714285714285715,0.7142857142857143,2.9166666666666665,31.99134199134199,0.27705627705627706,65.55870129870131,0.5597402597402598
West,2015-01-19,43.66,20.8106,1,0.0,0.4766513971598718,4,0.6938775510204082,46,0.4782608695652174,0.6521739130434783,2.8125,31.99134199134199,0.27705627705627706,65.55870129870131,0.5597402597402598
West,2015-01-26,5133.976000000001,381.8981,3,0.1,0.07438642097275093,5,0.6938775510204082,66,0.45454545454545453,0.6363636363636364,2.875,31.99134199134199,0.27705627705627706,65.55870129870131,0.5597402597402598
West,2015-02-02,154.344,46.705799999999996,3,0.06666666666666667,0.30260845902658995,6,0.6938775510204082,58,0.43103448275862066,0.6724137931034483,3.0,31.99134199134199,0.27705627705627706,65.55870129870131,0.5597402597402598
West,2015-02-09,831.4000000000001,212.9161,2,0.10000000000000002,0.256093456819822,7,0.6938775510204082,57,0.47368421052631576,0.631578947368421,3.0476190476190474,31.99134199134199,0.27705627705627706,65.55870129870131,0.5597402597402598
West,2015-02-16,279.514,113.2591,4,0.03333333333333333,0.40520009731176254,8,0.6938775510204082,65,0.4461538461538462,0.7538461538461538,2.875,31.99134199134199,0.27705627705627706,65.55870129870131,0.5597402597402598
West,2015-02-23,739.656,61.25219999999999,2,0.13333333333333333,0.0828117395113404,9,0.6938775510204082,65,0.5384615384615384,0.6153846153846154,3.48,31.99134199134199,0.27705627705627706,65.55870129870131,0.5597402597402598
West,2015-03-02,2346.182,640.0277,3,0.1,0.2727954182582596,10,0.6938775510204082,33,0.3939393939393939,0.7575757575757576,3.625,31.99134199134199,0.27705627705627706,65.55870129870131,0.5597402597402598
West,2015-03-09,1421.072,245.4832,4,0.08,0.17274508258554108,11,0.6938775510204082,47,0.46808510638297873,0.7446808510638298,3.1666666666666665,31.99134199134199,0.27705627705627706,65.55870129870131,0.5597402597402598
West,2015-03-16,7135.228,2337.9461,10,0.058823529411764705,0.32766242368148574,12,0.6938775510204082,48,0.625,0.6458333333333334,2.4705882352941178,31.99134199134199,0.27705627705627706,65.55870129870131,0.5597402597402598
West,2015-03-23,4558.93,1019.9465,8,0.0,0.22372497493929497,13,0.6938775510204082,57,0.543859649122807,0.6140350877192983,3.227272727272727,31.99134199134199,0.27705627705627706,65.55870129870131,0.5597402597402598
West,2015-03-30,1315.78,179.2695,4,0.12000000000000002,0.136245800969767,14,0.6938775510204082,57,0.5789473684210527,0.7017543859649122,2.6470588235294117,31.99134199134199,0.27705627705627706,65.55870129870131,0.5597402597402598
West,2015-04-06,1116.212,231.1253,4,0.12000000000000002,0.2070621889031833,15,0.6938775510204082,55,0.5454545454545454,0.6363636363636364,3.55,31.99134199134199,0.27705627705627706,65.55870129870131,0.5597402597402598
West,2015-04-13,5846.198,789.6879,10,0.09,0.13507717323292848,16,0.6938775510204082,65,0.5230769230769231,0.6153846153846154,3.12,31.99134199134199,0.27705627705627706,65.55870129870131,0.5597402597402598
West,2015-04-20,673.984,117.2815,4,0.125,0.17401229109296362,17,0.6938775510204082,45,0.4888888888888889,0.6666666666666666,2.7333333333333334,31.99134199134199,0.27705627705627706,65.55870129870131,0.5597402597402598
West,2015-04-27,1417.73,327.80649999999997,7,0.1142857142857143,0.2312192730632772,18,0.6938775510204082,49,0.5102040816326531,0.6530612244897959,2.764705882352941,31.99134199134199,0.27705627705627706,65.55870129870131,0.5597402597402598
West,2015-05-04,51.936,-2.3276000000000003,2,0.2,-0.04481669747381393,19,0.6938775510204082,48,0.5833333333333334,0.5833333333333334,3.0,31.99134199134199,0.27705627705627706,65.55870129870131,0.5597402597402598
West,2015-05-11,3017.3714999999997,266.68829999999997,6,0.11500000000000002,0.0883843106491859,20,0.6938775510204082,47,0.44680851063829785,0.6595744680851063,2.9375,31.99134199134199,0.27705627705627706,65.55870129870131,0.5597402597402598
West,2015-05-18,4040.92,440.81309999999996,4,0.1875,0.1090873118002831,21,0.6938775510204082,41,0.4146341463414634,0.7560975609756098,2.6,31.99134199134199,0.27705627705627706,65.55870129870131,0.5597402597402598
West,2015-05-25,3618.548,623.6016000000001,7,0.03076923076923077,0.17233475968814013,22,0.6938775510204082,49,0.5918367346938775,0.7959183673469388,2.0,31.99134199134199,0.27705627705627706,65.55870129870131,0.5597402597402598
West,2015-06-01,1145.8700000000001,446.9008,4,0.03333333333333333,0.39001003604248297,23,0.6938775510204082,53,0.5660377358490566,0.7358490566037735,3.142857142857143,31.99134199134199,0.27705627705627706,65.55870129870131,0.5597402597402598
West,2015-06-08,532.36,114.9011,2,0.13333333333333333,0.2158334585618754,24,0.6938775510204082,59,0.559322033898305,0.559322033898305,3.3461538461538463,31.99134199134199,0.27705627705627706,65.55870129870131,0.5597402597402598
West,2015-06-15,1590.746,269.62309999999997,7,0.2,0.1694947527763703,25,0.6938775510204082,53,0.6037735849056604,0.660377358490566,3.388888888888889,31.99134199134199,0.27705627705627706,65.55870129870131,0.5597402597402598
West,2015-06-22,1819.9740000000002,202.9211,6,0.10909090909090911,0.11149670270014846,26,0.6938775510204082,50,0.46,0.7,2.933333333333333,31.99134199134199,0.27705627705627706,65.55870129870131,0.5597402597402598
West,2015-06-29,22.848,7.4256,1,0.2,0.325,27,0.6938775510204082,53,0.37735849056603776,0.6037735849056604,3.380952380952381,31.99134199134199,0.27705627705627706,65.55870129870131,0.5597402597402598
West,2015-07-06,341.96000000000004,41.6045,4,0.25999999999999995,0.12166481459819861,28,0.6938775510204082,47,0.7021276595744681,0.6595744680851063,3.0,31.99134199134199,0.27705627705627706,65.55870129870131,0.5597402597402598
West,2015-07-13,3627.223,-178.75849999999997,5,0.2833333333333333,-0.049282467606761415,29,0.6938775510204082,61,0.5573770491803278,0.6557377049180327,2.9047619047619047,31.99134199134199,0.27705627705627706,65.55870129870131,0.5597402597402598
West,2015-07-20,2871.665,55.19060000000001,6,0.13636363636363635,0.019219024503206332,30,0.6938775510204082,54,0.5185185185185185,0.7037037037037037,2.5,31.99134199134199,0.27705627705627706,65.55870129870131,0.5597402597402598
West,2015-07-27,2080.094,-218.39419999999998,4,0.1625,-0.10499246668660166,31,0.6938775510204082,45,0.4666666666666667,0.6222222222222222,2.764705882352941,31.99134199134199,0.27705627705627706,65.55870129870131,0.5597402597402598
West,2015-08-03,181.128,23.3979,3,0.2,0.1291788127732874,32,0.6938775510204082,46,0.5,0.5652173913043478,3.15,31.99134199134199,0.27705627705627706,65.55870129870131,0.5597402597402598
West,2015-08-10,3492.0620000000004,473.17379999999997,6,0.11666666666666668,0.13549982789538098,33,0.6938775510204082,45,0.4,0.5111111111111111,2.5,31.99134199134199,0.27705627705627706,65.55870129870131,0.5597402597402598
West,2015-08-17,1628.9660000000001,97.3448,3,0.11500000000000002,0.05975864444070656,34,0.6938775510204082,39,0.4358974358974359,0.7435897435897436,2.5,31.99134199134199,0.27705627705627706,65.55870129870131,0.5597402597402598
West,2015-08-24,2811.402,548.5804999999999,6,0.08214285714285716,0.19512702203384644,35,0.6938775510204082,57,0.45614035087719296,0.7368421052631579,3.066666666666667,31.99134199134199,0.27705627705627706,65.55870129870131,0.5597402597402598
West,2015-08-31,5100.1,965.0772999999999,11,0.15227272727272728,0.1892271328013176,36,0.6938775510204082,47,0.44680851063829785,0.7872340425531915,2.7,31.99134199134199,0.27705627705627706,65.55870129870131,0.5597402597402598
West,2015-09-07,3091.112,503.3012,10,0.03529411764705883,0.16282205238761974,37,0.6938775510204082,62,0.45161290322580644,0.532258064516129,2.8275862068965516,31.99134199134199,0.27705627705627706,65.55870129870131,0.5597402597402598
West,2015-09-14,1981.482,312.056,12,0.037500000000000006,0.15748616439614388,38,0.6938775510204082,52,0.46153846153846156,0.5961538461538461,2.8095238095238093,31.99134199134199,0.27705627705627706,65.55870129870131,0.5597402597402598
West,2015-09-21,5850.2029999999995,962.7952,16,0.12941176470588237,0.164574665186832,39,0.6938775510204082,52,0.5192307692307693,0.6730769230769231,3.1176470588235294,31.99134199134199,0.27705627705627706,65.55870129870131,0.5597402597402598
West,2015-09-28,2288.91,383.7744,12,0.16428571428571428,0.1676668807423621,40,0.6938775510204082,39,0.5384615384615384,0.8205128205128205,3.0,31.99134199134199,0.27705627705627706,65.55870129870131,0.5597402597402598
West,2015-10-05,941.908,-73.32560000000001,4,0.18333333333333335,-0.07784794268654689,41,0.6938775510204082,60,0.5166666666666667,0.7333333333333333,3.1875,31.99134199134199,0.27705627705627706,65.55870129870131,0.5597402597402598
West,2015-10-12,455.37399999999997,34.9198,3,0.03333333333333333,0.07668378080434984,42,0.6938775510204082,60,0.5,0.6666666666666666,2.7,31.99134199134199,0.27705627705627706,65.55870129870131,0.5597402597402598
West,2015-10-19,5486.196,768.1322,9,0.08888888888888889,0.1400118041717795,43,0.6938775510204082,58,0.43103448275862066,0.6724137931034483,3.210526315789474,31.99134199134199,0.27705627705627706,65.55870129870131,0.5597402597402598
West,2015-10-26,5309.036,788.3625000000001,9,0.1568965517241379,0.14849447244283143,44,0.6938775510204082,57,0.45614035087719296,0.6666666666666666,2.9473684210526314,31.99134199134199,0.27705627705627706,65.55870129870131,0.5597402597402598
West,2015-11-02,4687.66,578.2636,11,0.11666666666666667,0.12335869069002445,45,0.6938775510204082,46,0.5217391304347826,0.6956521739130435,3.4285714285714284,31.99134199134199,0.27705627705627706,65.55870129870131,0.5597402597402598
West,2015-11-09,2977.378,184.2739,8,0.165625,0.061891335262099736,46,0.6938775510204082,57,0.5263157894736842,0.7719298245614035,2.923076923076923,31.99134199134199,0.27705627705627706,65.55870129870131,0.5597402597402598
West,2015-11-16,4930.46,425.3812,15,0.1303030303030303,0.086276168957866,47,0.6938775510204082,40,0.375,0.675,2.8461538461538463,31.99134199134199,0.27705627705627706,65.55870129870131,0.5597402597402598
West,2015-11-23,1838.6380000000001,518.9071,9,0.058823529411764705,0.28222363510381054,48,0.6938775510204082,51,0.4117647058823529,0.7058823529411765,2.2666666666666666,31.99134199134199,0.27705627705627706,65.55870129870131,0.5597402597402598
West,2015-11-30,10473.063,1492.0837999999999,16,0.0671875,0.1424687123528236,49,0.6938775510204082,54,0.4444444444444444,0.7037037037037037,2.8125,31.99134199134199,0.27705627705627706,65.55870129870131,0.5597402597402598
West,2015-12-07,3860.064,339.829,18,0.09999999999999999,0.08803714135309675,50,0.6938775510204082,34,0.4117647058823529,0.6764705882352942,4.0,31.99134199134199,0.27705627705627706,65.55870129870131,0.5597402597402598
West,2015-12-14,4290.465999999999,1313.3749,13,0.10434782608695654,0.30611474371315384,51,0.6938775510204082,64,0.5625,0.6875,3.0,31.99134199134199,0.27705627705627706,65.55870129870131,0.5597402597402598
West,2015-12-21,5926.836,216.18759999999997,11,0.125,0.03647605568974744,52,0.6938775510204082,43,0.5813953488372093,0.6744186046511628,2.642857142857143,31.99134199134199,0.27705627705627706,65.55870129870131,0.5597402597402598
West,2015-12-28,3853.784,671.7138,3,0.08571428571428573,0.1742998050747006,53,0.6938775510204082,22,0.45454545454545453,0.7272727272727273,2.8333333333333335,31.99134199134199,0.27705627705627706,65.55870129870131,0.5597402597402598
West,2016-01-04,937.208,326.09950000000003,4,0.03333333333333333,0.34794784082082103,1,0.6938775510204082,57,0.5614035087719298,0.6140350877192983,3.1818181818181817,31.99134199134199,0.27705627705627706,65.55870129870131,0.5597402597402598
West,2016-01-11,102.21799999999999,15.996500000000001,1,0.1,0.15649396388111686,2,0.6938775510204082,40,0.6,0.75,3.2,31.99134199134199,0.27705627705627706,65.55870129870131,0.5597402597402598
West,2016-01-18,1414.9560000000001,167.135,5,0.05714285714285715,0.11812028077198158,3,0.6938775510204082,42,0.35714285714285715,0.7142857142857143,2.9166666666666665,31.99134199134199,0.27705627705627706,65.55870129870131,0.5597402597402598
West,2016-01-25,1088.98,106.3994,5,0.08888888888888889,0.09770555933074987,4,0.6938775510204082,46,0.4782608695652174,0.6521739130434783,2.8125,31.99134199134199,0.27705627705627706,65.55870129870131,0.5597402597402598
West,2016-02-01,1755.8339999999998,127.7702,5,0.1,0.07276895196242926,5,0.6938775510204082,66,0.45454545454545453,0.6363636363636364,2.875,31.99134199134199,0.27705627705627706,65.55870129870131,0.5597402597402598
West,2016-02-08,268.65,124.14779999999999,2,0.0,0.4621172529313233,6,0.6938775510204082,58,0.43103448275862066,0.6724137931034483,3.0,31.99134199134199,0.27705627705627706,65.55870129870131,0.5597402597402598
West,2016-02-15,582.828,60.5088,2,0.08,0.10381930861248945,7,0.6938775510204082,57,0.47368421052631576,0.631578947368421,3.0476190476190474,31.99134199134199,0.27705627705627706,65.55870129870131,0.5597402597402598
West,2016-02-22,492.84999999999997,75.9713,1,0.06666666666666667,0.15414690067972,8,0.6938775510204082,65,0.4461538461538462,0.7538461538461538,2.875,31.99134199134199,0.27705627705627706,65.55870129870131,0.5597402597402598
West,2016-02-29,237.604,38.5259,3,0.05,0.16214331408562144,9,0.6938775510204082,65,0.5384615384615384,0.6153846153846154,3.48,31.99134199134199,0.27705627705627706,65.55870129870131,0.5597402597402598
West,2016-03-07,14678.16,1157.4123,9,0.13125,0.07885268317009761,10,0.6938775510204082,33,0.3939393939393939,0.7575757575757576,3.625,31.99134199134199,0.27705627705627706,65.55870129870131,0.5597402597402598
West,2016-03-14,1885.051,-62.9303,6,0.3,-0.03338387131170457,11,0.6938775510204082,47,0.46808510638297873,0.7446808510638298,3.1666666666666665,31.99134199134199,0.27705627705627706,65.55870129870131,0.5597402597402598
West,2016-03-21,664.316,73.4012,4,0.12000000000000002,0.11049139265048562,12,0.6938775510204082,48,0.625,0.6458333333333334,2.4705882352941178,31.99134199134199,0.27705627705627706,65.55870129870131,0.5597402597402598
West,2016-03-28,155.60399999999998,16.686300000000003,2,0.1,0.10723567517544538,13,0.6938775510204082,57,0.543859649122807,0.6140350877192983,3.227272727272727,31.99134199134199,0.27705627705627706,65.55870129870131,0.5597402597402598
West,2016-04-04,2842.775,584.6444,7,0.07307692307692308,0.20565975147523108,14,0.6938775510204082,57,0.5789473684210527,0.7017543859649122,2.6470588235294117,31.99134199134199,0.27705627705627706,65.55870129870131,0.5597402597402598
West,2016-04-11,3819.911,203.9846,9,0.1346153846153846,0.053400354092019424,15,0.6938775510204082,55,0.5454545454545454,0.6363636363636364,3.55,31.99134199134199,0.27705627705627706,65.55870129870131,0.5597402597402598
West,2016-04-18,3574.691,-479.6702,8,0.20476190476190476,-0.13418508061256204,16,0.6938775510204082,65,0.5230769230769231,0.6153846153846154,3.12,31.99134199134199,0.27705627705627706,65.55870129870131,0.5597402597402598
West,2016-04-25,182.928,34.9224,3,0.20000000000000004,0.1909078981894516,17,0.6938775510204082,45,0.4888888888888889,0.6666666666666666,2.7333333333333334,31.99134199134199,0.27705627705627706,65.55870129870131,0.5597402597402598
West,2016-05-02,2379.88,375.1395,6,0.1111111111111111,0.1576295863656991,18,0.6938775510204082,49,0.5102040816326531,0.6530612244897959,2.764705882352941,31.99134199134199,0.27705627705627706,65.55870129870131,0.5597402597402598
West,2016-05-09,513.058,160.8696,7,0.025,0.3135505147566162,19,0.6938775510204082,48,0.5833333333333334,0.5833333333333334,3.0,31.99134199134199,0.27705627705627706,65.55870129870131,0.5597402597402598
West,2016-05-16,4393.023,565.55,10,0.12142857142857143,0.12873822877776872,20,0.6938775510204082,47,0.44680851063829785,0.6595744680851063,2.9375,31.99134199134199,0.27705627705627706,65.55870129870131,0.5597402597402598
West,2016-05-23,2327.2580000000003,319.2885,4,0.08333333333333333,0.1371951455317803,21,0.6938775510204082,41,0.4146341463414634,0.7560975609756098,2.6,31.99134199134199,0.27705627705627706,65.55870129870131,0.5597402597402598
West,2016-05-30,1386.348,136.9011,7,0.2357142857142857,0.09874944819049764,22,0.6938775510204082,49,0.5918367346938775,0.7959183673469388,2.0,31.99134199134199,0.27705627705627706,65.55870129870131,0.5597402597402598
West,2016-06-06,6923.31,582.9355,10,0.08421052631578947,0.08419895974613299,23,0.6938775510204082,53,0.5660377358490566,0.7358490566037735,3.142857142857143,31.99134199134199,0.27705627705627706,65.55870129870131,0.5597402597402598
West,2016-06-13,4468.447,727.3011,9,0.060000000000000005,0.16276372977009687,24,0.6938775510204082,59,0.559322033898305,0.559322033898305,3.3461538461538463,31.99134199134199,0.27705627705627706,65.55870129870131,0.5597402597402598
West,2016-06-20,6658.1140000000005,864.6146,8,0.05,0.12985878583634944,25,0.6938775510204082,53,0.6037735849056604,0.660377358490566,3.388888888888889,31.99134199134199,0.27705627705627706,65.55870129870131,0.5597402597402598
West,2016-06-27,1957.4540000000002,503.8661,6,0.125,0.2574089097368316,26,0.6938775510204082,50,0.46,0.7,2.933333333333333,31.99134199134199,0.27705627705627706,65.55870129870131,0.5597402597402598
West,2016-07-04,5976.735000000001,1386.4152,9,0.19285714285714284,0.23196865847322992,27,0.6938775510204082,53,0.37735849056603776,0.6037735849056604,3.380952380952381,31.99134199134199,0.27705627705627706,65.55870129870131,0.5597402597402598
West,2016-07-11,1883.8999999999999,354.95,7,0.08750000000000001,0.18841233611125857,28,0.6938775510204082,47,0.7021276595744681,0.6595744680851063,3.0,31.99134199134199,0.27705627705627706,65.55870129870131,0.5597402597402598
West,2016-07-18,3363.136,387.94010000000003,7,0.16153846153846155,0.11535070243962779,29,0.6938775510204082,61,0.5573770491803278,0.6557377049180327,2.9047619047619047,31.99134199134199,0.27705627705627706,65.55870129870131,0.5597402597402598
West,2016-07-25,2342.562,340.3279,6,0.06666666666666668,0.14528021029966337,30,0.6938775510204082,54,0.5185185185185185,0.7037037037037037,2.5,31.99134199134199,0.27705627705627706,65.55870129870131,0.5597402597402598
West,2016-08-01,2294.53,304.3276,5,0.16,0.13263178080042537,31,0.6938775510204082,45,0.4666666666666667,0.6222222222222222,2.764705882352941,31.99134199134199,0.27705627705627706,65.55870129870131,0.5597402597402598
West,2016-08-08,1137.276,198.0156,2,0.12000000000000002,0.1741139354035432,32,0.6938775510204082,46,0.5,0.5652173913043478,3.15,31.99134199134199,0.27705627705627706,65.55870129870131,0.5597402597402598
West,2016-08-15,4342.24,408.241,9,0.135,0.09401622204207967,33,0.6938775510204082,45,0.4,0.5111111111111111,2.5,31.99134199134199,0.27705627705627706,65.55870129870131,0.5597402597402598
West,2016-08-22,3656.806,312.96229999999997,10,0.11176470588235293,0.08558351195004602,34,0.6938775510204082,39,0.4358974358974359,0.7435897435897436,2.5,31.99134199134199,0.27705627705627706,65.55870129870131,0.5597402597402598
West,2016-08-29,6378.564,1655.9022,8,0.07500000000000001,0.25960423067010063,35,0.6938775510204082,57,0.45614035087719296,0.7368421052631579,3.066666666666667,31.99134199134199,0.27705627705627706,65.55870129870131,0.5597402597402598
West,2016-09-05,5095.572,1057.5057,12,0.09600000000000002,0.20753424738184445,36,0.6938775510204082,47,0.44680851063829785,0.7872340425531915,2.7,31.99134199134199,0.27705627705627706,65.55870129870131,0.5597402597402598
West,2016-09-12,4962.054,592.5862999999999,13,0.11666666666666668,0.11942358950547494,37,0.6938775510204082,62,0.45161290322580644,0.532258064516129,2.8275862068965516,31.99134199134199,0.27705627705627706,65.55870129870131,0.5597402597402598
West,2016-09-19,4688.679,620.8829,18,0.11857142857142858,0.13242171195767505,38,0.6938775510204082,52,0.46153846153846156,0.5961538461538461,2.8095238095238093,31.99134199134199,0.27705627705627706,65.55870129870131,0.5597402597402598
West,2016-09-26,3132.6475,380.0129,12,0.10882352941176471,0.1213072648614311,39,0.6938775510204082,52,0.5192307692307693,0.6730769230769231,3.1176470588235294,31.99134199134199,0.27705627705627706,65.55870129870131,0.5597402597402598
West,2016-10-03,3030.946,-700.0715,8,0.22,-0.2309745868121702,40,0.6938775510204082,39,0.5384615384615384,0.8205128205128205,3.0,31.99134199134199,0.27705627705627706,65.55870129870131,0.5597402597402598
West,2016-10-10,1632.384,-418.0212,5,0.12941176470588237,-0.25608018701482005,41,0.6938775510204082,60,0.5166666666666667,0.7333333333333333,3.1875,31.99134199134199,0.27705627705627706,65.55870129870131,0.5597402597402598
West,2016-10-17,6465.029999999999,1779.2185000000002,11,0.07500000000000001,0.2752065342310864,42,0.6938775510204082,60,0.5,0.6666666666666666,2.7,31.99134199134199,0.27705627705627706,65.55870129870131,0.5597402597402598
West,2016-10-24,1757.354,432.0154,9,0.07692307692307693,0.2458328828454597,43,0.6938775510204082,58,0.43103448275862066,0.6724137931034483,3.210526315789474,31.99134199134199,0.27705627705627706,65.55870129870131,0.5597402597402598
West,2016-10-31,8687.863,1389.7328,18,0.12631578947368421,0.15996255926227199,44,0.6938775510204082,57,0.45614035087719296,0.6666666666666666,2.9473684210526314,31.99134199134199,0.27705627705627706,65.55870129870131,0.5597402597402598
West,2016-11-07,6065.0199999999995,1148.4747,20,0.1111111111111111,0.18936041431025785,45,0.6938775510204082,46,0.5217391304347826,0.6956521739130435,3.4285714285714284,31.99134199134199,0.27705627705627706,65.55870129870131,0.5597402597402598
West,2016-11-14,2513.902,660.3116,15,0.0823529411764706,0.2626640179290999,46,0.6938775510204082,57,0.5263157894736842,0.7719298245614035,2.923076923076923,31.99134199134199,0.27705627705627706,65.55870129870131,0.5597402597402598
West,2016-11-21,9145.56,1596.511,13,0.10263157894736843,0.17456678431938558,47,0.6938775510204082,40,0.375,0.675,2.8461538461538463,31.99134199134199,0.27705627705627706,65.55870129870131,0.5597402597402598
West,2016-11-28,4908.848,1257.9912000000002,10,0.04318181818181818,0.25627014729321423,48,0.6938775510204082,51,0.4117647058823529,0.7058823529411765,2.2666666666666666,31.99134199134199,0.27705627705627706,65.55870129870131,0.5597402597402598
West,2016-12-05,9214.588,1268.4109,14,0.1021276595744681,0.13765248104418779,49,0.6938775510204082,54,0.4444444444444444,0.7037037037037037,2.8125,31.99134199134199,0.27705627705627706,65.55870129870131,0.5597402597402598
West,2016-12-12,7477.2429999999995,-374.8846,15,0.15,-0.050136741577075934,50,0.6938775510204082,34,0.4117647058823529,0.6764705882352942,4.0,31.99134199134199,0.27705627705627706,65.55870129870131,0.5597402597402598
West,2016-12-19,8932.757,818.832,10,0.18666666666666665,0.09166621234631145,51,0.6938775510204082,64,0.5625,0.6875,3.0,31.99134199134199,0.27705627705627706,65.55870129870131,0.5597402597402598
West,2016-12-26,3062.494,556.1909,13,0.10476190476190476,0.18161371091665812,52,0.6938775510204082,43,0.5813953488372093,0.6744186046511628,2.642857142857143,31.99134199134199,0.27705627705627706,65.55870129870131,0.5597402597402598
West,2017-01-02,3312.642,871.1434999999999,5,0.022222222222222223,0.26297544376965576,1,0.6938775510204082,57,0.5614035087719298,0.6140350877192983,3.1818181818181817,31.99134199134199,0.27705627705627706,65.55870129870131,0.5597402597402598
West,2017-01-09,523.768,80.7625,4,0.08,0.15419517801774832,2,0.6938775510204082,40,0.6,0.75,3.2,31.99134199134199,0.27705627705627706,65.55870129870131,0.5597402597402598
West,2017-01-16,5816.166,1761.613,5,0.08000000000000002,0.3028821735830786,3,0.6938775510204082,42,0.35714285714285715,0.7142857142857143,2.9166666666666665,31.99134199134199,0.27705627705627706,65.55870129870131,0.5597402597402598
West,2017-01-23,1078.426,234.0853,6,0.12666666666666665,0.21706199590885236,4,0.6938775510204082,46,0.4782608695652174,0.6521739130434783,2.8125,31.99134199134199,0.27705627705627706,65.55870129870131,0.5597402597402598
West,2017-01-30,3641.936,708.9578,6,0.07692307692307693,0.19466509021575337,5,0.6938775510204082,66,0.45454545454545453,0.6363636363636364,2.875,31.99134199134199,0.27705627705627706,65.55870129870131,0.5597402597402598
West,2017-02-06,1683.1509999999998,178.4008,6,0.10714285714285714,0.10599215400163148,6,0.6938775510204082,58,0.43103448275862066,0.6724137931034483,3.0,31.99134199134199,0.27705627705627706,65.55870129870131,0.5597402597402598
West,2017-02-13,1270.176,445.43919999999997,4,0.022222222222222223,0.3506909278714131,7,0.6938775510204082,57,0.47368421052631576,0.631578947368421,3.0476190476190474,31.99134199134199,0.27705627705627706,65.55870129870131,0.5597402597402598
West,2017-02-20,4096.066,376.90009999999995,8,0.1285714285714286,0.09201514331067907,8,0.6938775510204082,65,0.4461538461538462,0.7538461538461538,2.875,31.99134199134199,0.27705627705627706,65.55870129870131,0.5597402597402598
West,2017-02-27,2428.398,519.6513,5,0.1,0.21398934606271294,9,0.6938775510204082,65,0.5384615384615384,0.6153846153846154,3.48,31.99134199134199,0.27705627705627706,65.55870129870131,0.5597402597402598
West,2017-03-06,1851.734,435.6438,8,0.07692307692307693,0.2352626241133986,10,0.6938775510204082,33,0.3939393939393939,0.7575757575757576,3.625,31.99134199134199,0.27705627705627706,65.55870129870131,0.5597402597402598
West,2017-03-13,5997.246,575.1165,12,0.07857142857142858,0.09589676661587668,11,0.6938775510204082,47,0.46808510638297873,0.7446808510638298,3.1666666666666665,31.99134199134199,0.27705627705627706,65.55870129870131,0.5597402597402598
West,2017-03-20,16847.408,7329.2172,9,0.07,0.43503530038567356,12,0.6938775510204082,48,0.625,0.6458333333333334,2.4705882352941178,31.99134199134199,0.27705627705627706,65.55870129870131,0.5597402597402598
West,2017-03-27,7334.530000000001,747.8615,8,0.05,0.10196447488796145,13,0.6938775510204082,57,0.543859649122807,0.6140350877192983,3.227272727272727,31.99134199134199,0.27705627705627706,65.55870129870131,0.5597402597402598
West,2017-04-03,440.31,212.8185,1,0.0,0.4833378755876542,14,0.6938775510204082,57,0.5789473684210527,0.7017543859649122,2.6470588235294117,31.99134199134199,0.27705627705627706,65.55870129870131,0.5597402597402598
West,2017-04-10,2204.797,418.1229,7,0.05500000000000001,0.18964235709682117,15,0.6938775510204082,55,0.5454545454545454,0.6363636363636364,3.55,31.99134199134199,0.27705627705627706,65.55870129870131,0.5597402597402598
West,2017-04-17,3582.163,-3245.9858999999997,6,0.19999999999999998,-0.9061524838484457,16,0.6938775510204082,65,0.5230769230769231,0.6153846153846154,3.12,31.99134199134199,0.27705627705627706,65.55870129870131,0.5597402597402598
West,2017-04-24,1797.2649999999999,375.1447,14,0.06052631578947369,0.2087308771939586,17,0.6938775510204082,45,0.4888888888888889,0.6666666666666666,2.7333333333333334,31.99134199134199,0.27705627705627706,65.55870129870131,0.5597402597402598
West,2017-05-01,2777.887,303.87809999999996,12,0.12,0.10939181471384543,18,0.6938775510204082,49,0.5102040816326531,0.6530612244897959,2.764705882352941,31.99134199134199,0.27705627705627706,65.55870129870131,0.5597402597402598
West,2017-05-08,7090.381,1832.8726,9,0.08499999999999999,0.25850128505083153,19,0.6938775510204082,48,0.5833333333333334,0.5833333333333334,3.0,31.99134199134199,0.27705627705627706,65.55870129870131,0.5597402597402598
West,2017-05-15,3720.02,260.94280000000003,8,0.15263157894736842,0.07014553685195242,20,0.6938775510204082,47,0.44680851063829785,0.6595744680851063,2.9375,31.99134199134199,0.27705627705627706,65.55870129870131,0.5597402597402598
West,2017-05-22,1742.4940000000001,210.6529,8,0.07142857142857142,0.12089160708731277,21,0.6938775510204082,41,0.4146341463414634,0.7560975609756098,2.6,31.99134199134199,0.27705627705627706,65.55870129870131,0.5597402597402598
West,2017-05-29,1644.0100000000002,449.6762,7,0.10000000000000002,0.2735240053284347,22,0.6938775510204082,49,0.5918367346938775,0.7959183673469388,2.0,31.99134199134199,0.27705627705627706,65.55870129870131,0.5597402597402598
West,2017-06-05,4287.139,400.88009999999997,11,0.12592592592592594,0.09350760495519272,23,0.6938775510204082,53,0.5660377358490566,0.7358490566037735,3.142857142857143,31.99134199134199,0.27705627705627706,65.55870129870131,0.5597402597402598
West,2017-06-12,3338.2755,342.8047,11,0.0911764705882353,0.1026891579200099,24,0.6938775510204082,59,0.559322033898305,0.559322033898305,3.3461538461538463,31.99134199134199,0.27705627705627706,65.55870129870131,0.5597402597402598
West,2017-06-19,1554.188,356.9675,6,0.06000000000000001,0.2296810295794331,25,0.6938775510204082,53,0.6037735849056604,0.660377358490566,3.388888888888889,31.99134199134199,0.27705627705627706,65.55870129870131,0.5597402597402598
West,2017-06-26,5374.571,1271.5828,9,0.06785714285714287,0.2365924275630557,26,0.6938775510204082,50,0.46,0.7,2.933333333333333,31.99134199134199,0.27705627705627706,65.55870129870131,0.5597402597402598
West,2017-07-03,6508.812,1807.6773,12,0.08095238095238096,0.27772768671149206,27,0.6938775510204082,53,0.37735849056603776,0.6037735849056604,3.380952380952381,31.99134199134199,0.27705627705627706,65.55870129870131,0.5597402597402598
West,2017-07-10,2554.176,462.109,4,0.06666666666666667,0.1809229277857125,28,0.6938775510204082,47,0.7021276595744681,0.6595744680851063,3.0,31.99134199134199,0.27705627705627706,65.55870129870131,0.5597402597402598
West,2017-07-17,5167.035,81.46379999999999,7,0.16578947368421051,0.015766063129047894,29,0.6938775510204082,61,0.5573770491803278,0.6557377049180327,2.9047619047619047,31.99134199134199,0.27705627705627706,65.55870129870131,0.5597402597402598
West,2017-07-24,6443.996,1850.7759,7,0.05714285714285715,0.2872093496023275,30,0.6938775510204082,54,0.5185185185185185,0.7037037037037037,2.5,31.99134199134199,0.27705627705627706,65.55870129870131,0.5597402597402598
West,2017-07-31,643.348,165.8354,7,0.06000000000000001,0.25776935655352934,31,0.6938775510204082,45,0.4666666666666667,0.6222222222222222,2.764705882352941,31.99134199134199,0.27705627705627706,65.55870129870131,0.5597402597402598
West,2017-08-07,4879.3060000000005,1181.4881,7,0.075,0.24214265307402322,32,0.6938775510204082,46,0.5,0.5652173913043478,3.15,31.99134199134199,0.27705627705627706,65.55870129870131,0.5597402597402598
West,2017-08-14,11080.536,3033.6146,10,0.07272727272727274,0.2737786872404006,33,0.6938775510204082,45,0.4,0.5111111111111111,2.5,31.99134199134199,0.27705627705627706,65.55870129870131,0.5597402597402598
West,2017-08-21,6167.39,1310.1027000000001,7,0.10833333333333334,0.21242416970549943,34,0.6938775510204082,39,0.4358974358974359,0.7435897435897436,2.5,31.99134199134199,0.27705627705627706,65.55870129870131,0.5597402597402598
West,2017-08-28,5799.634,1027.693,19,0.10151515151515152,0.17719963018355986,35,0.6938775510204082,57,0.45614035087719296,0.7368421052631579,3.066666666666667,31.99134199134199,0.27705627705627706,65.55870129870131,0.5597402597402598
West,2017-09-04,6404.715,612.5057,22,0.14705882352941177,0.09563356058778573,36,0.6938775510204082,47,0.44680851063829785,0.7872340425531915,2.7,31.99134199134199,0.27705627705627706,65.55870129870131,0.5597402597402598
West,2017-09-11,11140.57,2534.3082,17,0.07894736842105263,0.2274846080586541,37,0.6938775510204082,62,0.45161290322580644,0.532258064516129,2.8275862068965516,31.99134199134199,0.27705627705627706,65.55870129870131,0.5597402597402598
West,2017-09-18,5126.992,591.0146000000001,19,0.1358974358974359,0.11527511648155489,38,0.6938775510204082,52,0.46153846153846156,0.5961538461538461,2.8095238095238093,31.99134199134199,0.27705627705627706,65.55870129870131,0.5597402597402598
West,2017-09-25,3658.014,795.3182,13,0.10882352941176471,0.2174180306581659,39,0.6938775510204082,52,0.5192307692307693,0.6730769230769231,3.1176470588235294,31.99134199134199,0.27705627705627706,65.55870129870131,0.5597402597402598
West,2017-10-02,6021.418000000001,331.64410000000004,13,0.14393939393939395,0.055077408676826624,40,0.6938775510204082,39,0.5384615384615384,0.8205128205128205,3.0,31.99134199134199,0.27705627705627706,65.55870129870131,0.5597402597402598
West,2017-10-09,7641.216,2492.8902,12,0.05263157894736842,0.32624260327152116,41,0.6938775510204082,60,0.5166666666666667,0.7333333333333333,3.1875,31.99134199134199,0.27705627705627706,65.55870129870131,0.5597402597402598
West,2017-10-16,2411.035,-413.47679999999997,11,0.24444444444444446,-0.17149348723680907,42,0.6938775510204082,60,0.5,0.6666666666666666,2.7,31.99134199134199,0.27705627705627706,65.55870129870131,0.5597402597402598
West,2017-10-23,958.8249999999999,74.19999999999999,3,0.19,0.07738638437671107,43,0.6938775510204082,58,0.43103448275862066,0.6724137931034483,3.210526315789474,31.99134199134199,0.27705627705627706,65.55870129870131,0.5597402597402598
West,2017-10-30,10443.645999999999,1575.7503000000002,19,0.09166666666666667,0.1508812439640333,44,0.6938775510204082,57,0.45614035087719296,0.6666666666666666,2.9473684210526314,31.99134199134199,0.27705627705627706,65.55870129870131,0.5597402597402598
West,2017-11-06,8744.844,845.0674,25,0.1196078431372549,0.09663607492597925,45,0.6938775510204082,46,0.5217391304347826,0.6956521739130435,3.4285714285714284,31.99134199134199,0.27705627705627706,65.55870129870131,0.5597402597402598
West,2017-11-13,7892.848,989.1481,17,0.09000000000000001,0.1253220763911835,46,0.6938775510204082,57,0.5263157894736842,0.7719298245614035,2.923076923076923,31.99134199134199,0.27705627705627706,65.55870129870131,0.5597402597402598
West,2017-11-20,4096.483,338.3565,14,0.10961538461538461,0.08259682757135815,47,0.6938775510204082,40,0.375,0.675,2.8461538461538463,31.99134199134199,0.27705627705627706,65.55870129870131,0.5597402597402598
West,2017-11-27,8513.087,828.3067,19,0.16,0.09729804241399154,48,0.6938775510204082,51,0.4117647058823529,0.7058823529411765,2.2666666666666666,31.99134199134199,0.27705627705627706,65.55870129870131,0.5597402597402598
West,2017-12-04,9942.055,1388.865,19,0.10454545454545455,0.13969596828824624,49,0.6938775510204082,54,0.4444444444444444,0.7037037037037037,2.8125,31.99134199134199,0.27705627705627706,65.55870129870131,0.5597402597402598
West,2017-12-11,2074.67,497.7863,11,0.05714285714285715,0.23993517041264392,50,0.6938775510204082,34,0.4117647058823529,0.6764705882352942,4.0,31.99134199134199,0.27705627705627706,65.55870129870131,0.5597402597402598
West,2017-12-18,7355.675,1425.1401,16,0.11964285714285715,0.19374701845853712,51,0.6938775510204082,64,0.5625,0.6875,3.0,31.99134199134199,0.27705627705627706,65.55870129870131,0.5597402597402598
West,2017-12-25,2548.462,326.9607,12,0.13529411764705881,0.12829726321208634,52,0.6938775510204082,43,0.5813953488372093,0.6744186046511628,2.642857142857143,31.99134199134199,0.27705627705627706,65.55870129870131,0.5597402597402598
